"minLL","base","Label","Yr","recdev","perc_diff"
-0.0151712,-0.0183892,"Early_RecrDev_1963",1963,TRUE,-0.17499401822809
0.0124542,0.0139038,"Main_RecrDev_1994",1994,TRUE,-0.10425926725068
-0.475902,-0.545331,"Late_RecrDev_2021",2021,TRUE,-0.127315336923813
