"type","Quantity","values"
Mohn,SSB,-0.0620388595455402
Mohn,Recruitment,6.03757324175896
Mohn,Fraction unfished,-0.0807611978504985
Mohn,F,0.0103453933676318
NEFSC,SSB,0.115549872621708
NEFSC,Recruitment,1.17149193005744
NEFSC,Fraction unfished,0.101588172086094
NEFSC,F,-0.180373830654939
AFSC,SSB,-0.012407771909108
AFSC,Recruitment,1.20751464835179
AFSC,F,0.00206907867352636
AFSC,Fraction unfished,-0.0161522395700997
