
Initial statistics: 11 variables; iteration 0; function evaluation 0; phase 1
Function value 9.9604449e+04; maximum gradient component mag 2.2170e+05
Var    Value     Gradient |Var    Value     Gradient |Var    Value     Gradient
  1 -0.05797  2.21702e+05 |  2  0.09113  2.91971e+02 |  3  0.09116  3.16347e+02
  4  0.14412 -1.15148e+04 |  5  0.14415 -6.35180e+01 |  6  0.14104 -1.29493e+03
  7 -0.01275 -2.93817e+01 |  8  0.09137  2.91642e+02 |  9  0.09119  3.41678e+03
 10  0.09135  8.37579e+01 | 11  0.33339  9.87231e+02 |

Intermediate statistics: 11 variables; iteration 20; function evaluation 49; phase 1
Function value 5.6721675e+04; maximum gradient component mag -2.3500e+03
Var    Value     Gradient |Var    Value     Gradient |Var    Value     Gradient
  1 -1.51829 -2.34996e+03 |  2 -1.62033  1.25120e+01 |  3  8.00853 -4.42611e+01
  4 -22.17484  3.26115e+02 |  5 -5.68315  1.76234e+02 |  6  8.62238  2.44988e+01
  7 -0.28681 -1.48084e+01 |  8  7.31685 -1.12113e-01 |  9 -18.03578 -3.64028e+02
 10 -0.32870 -5.33803e+01 | 11 -11.07929 -2.61310e+02 |
11 variables; iteration 40; function evaluation 79; phase 1
Function value 5.6471666e+04; maximum gradient component mag 1.1898e+03
Var    Value     Gradient |Var    Value     Gradient |Var    Value     Gradient
  1 -1.50814  1.18978e+03 |  2 -1.92837 -5.45836e+01 |  3  8.05603  1.24065e+02
  4 -22.19428 -4.76024e+02 |  5 -6.15977 -3.52920e+01 |  6  8.22450  2.83406e+01
  7  0.06823 -3.99495e+00 |  8  7.45284 -2.67943e+01 |  9 -18.02760 -4.83104e+01
 10  0.03396 -5.94099e+01 | 11 -10.99344  2.20716e+01 |

 - final statistics:
11 variables; iteration 57; function evaluation 100
Function value 5.6351e+04; maximum gradient component mag 4.8815e+00
Exit code = 1;  converg criter 1.0000e+01
Var    Value     Gradient |Var    Value     Gradient |Var    Value     Gradient
  1 -1.51090  4.88148e+00 |  2 -1.79850  5.25331e-01 |  3  8.02540  1.89893e+00
  4 -22.18035  1.93015e+00 |  5 -6.15452  1.77792e-02 |  6  8.22155 -2.57176e-02
  7  0.07199 -3.27699e-01 |  8  8.05089 -1.59142e-01 |  9 -18.02631 -9.16527e-01
 10  0.06325  1.09320e-01 | 11 -10.99926  2.17500e+00 |

Initial statistics: 90 variables; iteration 0; function evaluation 0; phase 2
Function value 5.6351282e+04; maximum gradient component mag 1.7453e+04
Var    Value     Gradient |Var    Value     Gradient |Var    Value     Gradient
  1  0.12841  3.62578e+03 |  2 -0.18177  2.02321e+03 |  3 -0.18052  2.27221e+03
  4  0.01653  9.59715e+02 |  5  0.27672  1.58573e+03 |  6  0.00000  2.24926e+02
  7  0.00000  2.25802e+02 |  8  0.00000  4.43908e+02 |  9  0.00000  5.98722e+02
 10  0.00000  6.02930e+02 | 11  0.00000  5.26069e+02 | 12  0.00000  4.85996e+02
 13  0.00000 -1.69613e+02 | 14  0.00000 -5.03211e+02 | 15  0.00000 -1.93270e+02
 16  0.00000 -3.11166e+02 | 17  0.00000 -4.64561e+02 | 18  0.00000 -1.88268e+02
 19  0.00000 -1.78455e+01 | 20  0.00000 -1.92350e+02 | 21  0.00000 -4.42454e+01
 22  0.00000  1.15899e+02 | 23  0.00000  2.38564e+00 | 24  0.00000 -1.39744e+01
 25  0.00000 -1.07750e+01 | 26  0.00000 -1.33775e+02 | 27  0.00000 -3.42984e+02
 28  0.00000 -1.66916e+02 | 29  0.00000 -5.30128e+01 | 30  0.00000  3.78064e+01
 31  0.00000  1.46490e+02 | 32  0.00000  1.77021e+02 | 33  0.00000  7.50878e+01
 34  0.00000 -1.20407e+02 | 35  0.00000 -2.87861e+02 | 36  0.00000 -2.43126e+02
 37  0.00000 -2.85660e+01 | 38  0.00000  7.98868e+01 | 39  0.00000  4.67151e+01
 40  0.00000 -1.95470e+02 | 41  0.00000  1.25681e+02 | 42  0.00000 -2.66233e+01
 43  0.00000  7.97577e+01 | 44  0.00000 -3.55982e+02 | 45  0.00000 -4.52247e+01
 46  0.00000 -1.51153e+02 | 47  0.00000  2.48792e+02 | 48  0.00000  3.76632e+02
 49  0.00000 -3.68865e+02 | 50  0.00000  8.73884e+00 | 51 -0.95973 -3.87710e+01
 52 -0.48910 -4.88148e+00 | 53 -0.95973 -3.09409e+02 | 54 -0.95973 -5.34343e+01
 55  0.00000  6.47221e+02 | 56 -0.96320 -2.24266e+02 | 57 -0.20150 -5.25331e-01
 58 -0.00014  9.59678e+00 | 59  0.02540  1.89893e+00 | 60 -0.07979  5.03809e+00
 61  0.18035 -1.93015e+00 | 62  0.00022  6.12123e+02 | 63  0.15452 -1.77792e-02
 64  0.00012  1.79807e+02 | 65  0.03752  2.57123e+01 | 66 -0.04882  8.34246e+01
 67  0.22155 -2.57176e-02 | 68 -0.49395  6.22494e+03 | 69 -0.01911 -3.10964e+03
 70 -0.19428  1.74531e+04 | 71  0.00013  7.90349e+03 | 72 -0.49064 -2.07296e+03
 73 -0.01927  7.35300e+02 | 74 -0.19382 -5.87041e+03 | 75  0.00021 -8.51339e+02
 76  0.07199 -3.27699e-01 | 77  0.13656  6.23667e+01 | 78  0.30395  1.41100e+00
 79  0.30395  1.19438e+01 | 80  0.30395  7.57823e+01 | 81  0.05089 -1.59142e-01
 82  0.02631  9.16527e-01 | 83  0.06325  1.09320e-01 | 84 -0.07959 -1.51657e+01
 85 -0.07989  2.02072e+02 | 86 -0.07970  1.60065e+01 | 87  0.30395  2.15264e+03
 88  0.30395  2.30814e+02 | 89  0.99926 -2.17500e+00 | 90 -0.09574  2.39823e+03

Intermediate statistics: 90 variables; iteration 20; function evaluation 40; phase 2
Function value 5.4136458e+04; maximum gradient component mag -2.9524e+03
Var    Value     Gradient |Var    Value     Gradient |Var    Value     Gradient
  1  0.11669 -1.19318e+02 |  2 -0.22852  1.30511e+02 |  3 -0.23986 -2.95235e+03
  4 -0.02714 -8.03985e+02 |  5  0.00462  2.73537e+03 |  6 -0.15460  4.72982e+00
  7  0.15704  4.92291e+01 |  8 -0.29074 -5.53352e+00 |  9 -0.31789 -2.01565e+01
 10 -0.20780 -1.41761e+01 | 11  0.03070  2.78595e+01 | 12 -0.30550 -1.63849e+01
 13  0.06319 -2.58172e+02 | 14  0.11619 -4.53325e+02 | 15 -0.05140 -8.57014e+01
 16  0.10562 -5.25475e+01 | 17  0.10227 -1.22065e+02 | 18  0.10053  3.29305e+01
 19 -0.04694  1.74834e+01 | 20  0.16887  2.84667e+02 | 21  0.11421  1.79557e+02
 22 -0.08846  2.17352e+01 | 23  0.15548  1.99238e+02 | 24  0.10057  9.30325e+01
 25  0.01628  8.53658e+00 | 26  0.06378  1.00565e+01 | 27  0.21743  4.77167e+01
 28  0.01686 -1.15641e+01 | 29  0.09150  3.68175e-02 | 30  0.13026  2.72097e+00
 31 -0.05731 -3.76917e+01 | 32 -0.15954 -3.01334e+01 | 33 -0.05108 -3.67817e+01
 34  0.14376  1.50788e+01 | 35  0.18085  1.03507e+02 | 36  0.13195  3.76513e+01
 37 -0.00675  7.23647e+00 | 38  0.03142  2.24972e+01 | 39 -0.01291  5.73790e+01
 40  0.21088  2.81978e+02 | 41 -0.20600 -9.89098e+00 | 42  0.11837 -3.41519e+01
 43 -0.31282 -1.10221e+00 | 44  0.18606 -1.08677e+02 | 45 -0.09944  2.08434e+01
 46  0.12075  2.89541e+02 | 47 -0.35803 -1.96837e+01 | 48 -0.45998 -1.91518e+01
 49  0.24646  3.30029e+02 | 50  0.01605  7.29055e+01 | 51 -0.60168 -2.95231e+01
 52 -0.18555  2.17756e+02 | 53 -0.39463 -1.54243e+01 | 54 -0.69204 -5.97504e+01
 55 -0.06875  2.88917e+02 | 56 -0.14570  8.39289e+00 | 57 -0.14873 -2.65732e+01
 58 -0.06556  1.62618e+01 | 59  0.03764 -3.09207e+01 | 60 -0.08274  2.07856e+01
 61  0.15262 -1.71550e+03 | 62 -0.00361  2.27008e+03 | 63  0.12046 -5.85746e+02
 64 -0.09343  3.68261e+02 | 65 -0.11174 -6.48210e+01 | 66  0.09809  2.28978e+03
 67  0.56142  1.98464e+00 | 68 -0.52610 -1.65696e+01 | 69  0.11289 -9.71888e+01
 70 -0.14777 -1.55481e+02 | 71  0.01143 -3.43819e+02 | 72 -0.50986 -5.48265e+02
 73  0.05393  3.24189e+02 | 74 -0.13231 -1.26967e+03 | 75 -0.06830 -1.22287e+03
 76  0.01032 -2.81450e+02 | 77 -0.09515  1.45623e+02 | 78  0.30979  3.49130e+00
 79  0.24456  1.21709e+01 | 80  0.04217  2.80401e+01 | 81  0.06069  3.70553e+01
 82  0.05399  5.24561e+02 | 83  0.02541 -8.99292e+01 | 84 -0.12540 -6.01499e+01
 85 -0.12378 -4.56087e+02 | 86 -0.13181  5.07383e+01 | 87  0.05984 -5.41441e+02
 88  0.09871 -2.92464e+01 | 89  0.99813  5.90192e-01 | 90 -0.23280 -1.73729e+01
90 variables; iteration 40; function evaluation 62; phase 2
Function value 5.4062290e+04; maximum gradient component mag -3.0539e+03
Var    Value     Gradient |Var    Value     Gradient |Var    Value     Gradient
  1  0.13114 -4.26765e+02 |  2 -0.25474 -2.54066e+02 |  3 -0.24231 -3.05389e+03
  4 -0.02849 -8.07835e+02 |  5  0.00113  1.70044e+03 |  6 -0.30988  2.01606e+01
  7  0.17100  1.07734e+01 |  8 -0.22457  4.67344e+01 |  9 -0.21818  4.08549e+01
 10 -0.16181  5.16738e+01 | 11  0.05837  1.60519e+02 | 12 -0.26786  3.20367e+01
 13  0.09096 -1.63612e+02 | 14  0.11786 -3.68264e+02 | 15 -0.00119 -2.23817e+01
 16  0.12400 -5.25913e+00 | 17  0.08174 -1.29872e+02 | 18  0.13717  1.05677e+02
 19 -0.01736  6.98677e+01 | 20  0.17079  2.38326e+02 | 21  0.13396  2.02272e+02
 22 -0.09638  5.05519e+01 | 23  0.15625  1.88719e+02 | 24  0.11175  1.43594e+02
 25  0.04299  6.67145e+01 | 26  0.06191  4.35361e+01 | 27  0.19851  3.19494e+01
 28  0.03812  4.69184e+01 | 29  0.09971  8.49059e+01 | 30  0.10665  9.86134e+01
 31  0.03125  4.87528e+01 | 32 -0.73885 -8.38281e+00 | 33  0.07622  2.30960e+01
 34  0.07642  4.62286e+01 | 35  0.19056  8.67750e+01 | 36  0.11470  3.19683e+01
 37  0.00712  3.85999e+01 | 38  0.02782  5.34692e+01 | 39 -0.01204  9.35054e+01
 40  0.22374  3.21334e+02 | 41 -0.23177  3.83576e+01 | 42  0.14218  4.69395e+01
 43 -0.18109  4.61954e+01 | 44  0.21536 -2.92961e+00 | 45 -0.06297  8.90801e+01
 46  0.14332  3.54302e+02 | 47 -0.30995  3.60505e+01 | 48 -0.83700 -4.56315e+00
 49  0.24785  2.92398e+02 | 50 -0.01349  1.23829e+02 | 51 -0.58655  5.92345e+00
 52 -0.19259  2.70235e+01 | 53 -0.54527 -6.42394e+01 | 54  0.47227  2.71994e+00
 55 -0.16123  2.54164e+02 | 56 -0.02629  9.83723e+00 | 57  0.22584 -1.69866e+01
 58  0.14602  5.14849e+01 | 59  0.02009 -1.15335e+02 | 60 -0.05927  8.35802e+01
 61  0.16083 -1.73775e+03 | 62 -0.01415  2.19775e+03 | 63  0.13598 -5.07782e+02
 64 -0.08364  3.51125e+02 | 65 -0.07192 -2.99271e+01 | 66  0.09279  2.36851e+03
 67  0.77373  6.29772e-01 | 68 -0.68921 -3.13264e+01 | 69 -0.08838  4.84653e+01
 70 -0.11232 -1.28836e+02 | 71 -0.01439 -3.66245e+02 | 72 -0.69484 -2.16812e+02
 73 -0.02118  1.24793e+02 | 74 -0.09174 -5.11743e+02 | 75 -0.03345 -6.36184e+02
 76  0.00827 -3.78167e+02 | 77 -0.08595  2.11804e+02 | 78  0.18011 -1.64819e+01
 79  0.01170 -3.84606e+01 | 80  0.02401 -3.29506e+01 | 81  0.06059 -5.04925e+01
 82  0.04701  5.94588e+02 | 83  0.02558 -8.41763e+01 | 84 -0.12218 -1.07428e+01
 85 -0.13826 -5.63348e+02 | 86 -0.14258  4.19487e+01 | 87  0.06842 -4.85573e+02
 88  0.12325  6.34316e+00 | 89  1.00268 -4.04155e-01 | 90 -0.23550  3.62524e+00
90 variables; iteration 60; function evaluation 84; phase 2
Function value 5.3673410e+04; maximum gradient component mag -1.7098e+03
Var    Value     Gradient |Var    Value     Gradient |Var    Value     Gradient
  1  0.16761 -3.36198e+02 |  2 -0.30928 -6.94738e+02 |  3 -0.20849 -1.43667e+03
  4 -0.03433 -2.42490e+02 |  5 -0.01910 -7.51255e+02 |  6 -0.21440 -4.10556e+01
  7  0.19359 -2.47884e+02 |  8 -0.19343 -2.39350e+01 |  9 -0.23820 -4.79790e+01
 10 -0.38846 -4.72804e+01 | 11  0.07395  1.61171e+01 | 12 -0.30757 -3.27068e+01
 13  0.13350 -9.25614e+01 | 14  0.10979 -3.45916e+02 | 15  0.03385 -8.43952e+01
 16  0.05646 -6.34635e+01 | 17  0.17646  2.02277e+01 | 18 -0.00030 -6.79844e+01
 19  0.05092  7.64921e+00 | 20  0.10619 -3.82738e+01 | 21  0.06483  1.49715e-01
 22  0.02532  7.18381e+01 | 23  0.11360  8.64312e+01 | 24  0.01002 -3.50418e+00
 25  0.04958  3.51287e+01 | 26  0.06264  5.82591e+00 | 27  0.12000 -6.44935e+01
 28  0.06994  6.49352e+01 | 29  0.06914  9.54689e+01 | 30  0.07389  1.04169e+02
 31 -0.07613  3.24092e+00 | 32 -0.05728  2.21792e+01 | 33 -0.01972  4.97741e+01
 34  0.15533  1.98324e+02 | 35  0.09593  5.02988e+00 | 36  0.11581 -4.64756e+01
 37  0.02572 -3.32690e+01 | 38  0.00596 -7.67327e+01 | 39 -0.07733 -4.56710e+01
 40  0.20702 -5.99935e+01 | 41 -0.34361 -3.99947e+01 | 42  0.19534  9.05120e+01
 43 -0.22759 -1.75640e+01 | 44  0.32096  1.79413e+02 | 45 -0.12967 -2.41101e+01
 46  0.19285 -6.72611e+01 | 47 -0.31941 -2.55130e+01 | 48 -0.78573 -2.63347e+01
 49  0.35790  1.08726e+02 | 50 -0.12478 -3.00466e+01 | 51 -0.77337 -2.97723e+01
 52 -0.15116 -2.41260e+02 | 53 -0.34197  2.20050e+00 | 54  0.71993  1.21962e+00
 55 -0.42476  5.80325e+00 | 56 -0.19152  5.95070e+00 | 57  0.07745 -4.51572e+01
 58 -0.02277  3.06949e+01 | 59  0.05555 -5.06042e+01 | 60 -0.10827  7.45971e+00
 61  0.23182  8.47422e+02 | 62 -0.04767 -1.70981e+03 | 63  0.16363 -3.82695e+02
 64 -0.07030  2.83690e+02 | 65 -0.07250  1.13292e+01 | 66  0.00195 -1.35885e+02
 67  0.69719  1.04387e+00 | 68 -0.59720  3.23499e+01 | 69 -0.08528 -2.87844e+01
 70 -0.15020  5.90358e+01 | 71 -0.03617 -2.09177e+02 | 72 -0.57471 -4.77556e+02
 73  0.09357  2.97607e+02 | 74 -0.12782 -1.14070e+03 | 75  0.00758 -1.08468e+03
 76  0.07487  3.85400e+01 | 77 -0.07732 -3.47471e+01 | 78  0.21087 -1.15038e+01
 79  0.03817 -1.18274e+02 | 80  0.03150  2.11202e+01 | 81  0.06214 -2.56433e+02
 82  0.01709 -1.35443e+03 | 83  0.05174 -9.11170e+01 | 84 -0.11447  1.24890e+02
 85 -0.15031  4.32629e+02 | 86 -0.12830  5.29130e+01 | 87  0.10102 -1.37129e+02
 88  0.12832  1.39298e+01 | 89  1.25661  2.66333e+02 | 90 -0.30763  1.50387e+02
Maximum number of function evaluations exceeded

 - final statistics:
90 variables; iteration 76; function evaluation 100
Function value 5.3568e+04; maximum gradient component mag -5.6203e+03
Exit code = 3;  converg criter 1.0000e+01
Var    Value     Gradient |Var    Value     Gradient |Var    Value     Gradient
  1  0.16286 -8.45486e+02 |  2 -0.29585 -8.84687e+02 |  3 -0.18510 -1.04191e+03
  4 -0.04127 -1.55663e+02 |  5 -0.02678 -5.62033e+03 |  6 -0.13486 -7.05471e+00
  7  0.21456 -4.11970e+02 |  8 -0.22829  1.73427e+01 |  9 -0.11304  6.65909e+00
 10 -0.54530 -1.30279e+01 | 11  0.08166 -4.17738e+01 | 12 -0.30694  7.04728e+00
 13  0.12233 -2.10833e+02 | 14  0.15312 -3.75238e+02 | 15  0.04239 -8.99090e+01
 16  0.06243 -1.45228e+02 | 17  0.17562 -2.68941e+02 | 18  0.03127 -9.96371e+01
 19  0.05247 -3.76040e+01 | 20  0.12625 -1.20212e+02 | 21  0.07132 -6.34042e+01
 22 -0.00962  2.71610e+01 | 23  0.12201  3.08614e+01 | 24  0.05488  5.50222e+00
 25 -0.04238  2.64654e+00 | 26  0.06395  1.63838e+01 | 27  0.14429  4.01249e+00
 28 -0.00816  3.01850e+01 | 29  0.06069  1.06538e+02 | 30  0.05258  1.21281e+02
 31 -0.05975  4.96779e+01 | 32 -0.09760  4.03023e+01 | 33 -0.04678  4.81471e+01
 34  0.08830  9.54398e+01 | 35  0.11920  9.56133e+01 | 36  0.07584  6.81523e+01
 37  0.05911  1.18957e+02 | 38 -0.00313  4.83840e+01 | 39 -0.05286  3.58484e+01
 40  0.18080  7.43548e+01 | 41 -0.22096  2.62606e+01 | 42  0.16897  1.81700e+02
 43 -0.29921  1.91553e+01 | 44  0.28580  2.47718e+02 | 45 -0.11085  3.29954e+01
 46  0.17728  1.81809e+01 | 47 -0.33143  1.63314e+01 | 48 -0.46554  5.62945e+00
 49  0.35626  1.86883e+02 | 50 -0.17736  1.21646e+01 | 51 -0.61764  5.73285e+00
 52 -0.14649 -1.21203e+02 | 53 -0.22362  1.39789e+01 | 54  0.58027  1.80706e+00
 55 -0.47922 -7.98227e-01 | 56 -0.14641  7.72419e+00 | 57  0.12897  3.79609e+00
 58 -0.02776 -3.20668e+01 | 59  0.11132  1.95077e+02 | 60 -0.08491 -1.90534e+02
 61  0.24217 -8.76695e+02 | 62 -0.01463  1.32195e+03 | 63  0.17831 -1.08698e+02
 64 -0.07545 -1.78265e+01 | 65 -0.06141  9.51899e+01 | 66 -0.00024 -1.27560e+02
 67  0.60799  8.88774e-01 | 68 -0.66896 -4.29285e+01 | 69 -0.01603  2.98373e+01
 70 -0.12629 -1.15198e+02 | 71 -0.01157 -3.09435e+02 | 72 -0.41446 -3.45671e+02
 73  0.16592  2.17312e+02 | 74 -0.17040 -7.68943e+02 | 75  0.00661 -8.17968e+02
 76  0.10410  1.64337e+01 | 77 -0.05363  1.83488e+01 | 78  0.28565 -4.41177e+00
 79  0.03111 -5.55245e+02 | 80  0.02517 -3.34378e+01 | 81  0.05944 -1.36007e+02
 82  0.04147 -1.25830e+03 | 83  0.12154  7.45205e+00 | 84 -0.13252  2.09620e+01
 85 -0.11399  6.56071e+02 | 86 -0.06476  1.94217e+01 | 87  0.08679 -6.19359e+02
 88  0.11668 -3.31648e+00 | 89  1.25519  5.45442e+01 | 90 -0.30814  2.87822e+01

Initial statistics: 108 variables; iteration 0; function evaluation 0; phase 3
Function value 5.3567791e+04; maximum gradient component mag -5.6203e+03
Var    Value     Gradient |Var    Value     Gradient |Var    Value     Gradient
  1  0.10638  1.12113e+03 |  2  0.16286 -8.45486e+02 |  3 -0.29585 -8.84687e+02
  4 -0.48426 -3.83047e+02 |  5 -0.63144 -1.59879e+02 |  6  0.04252  8.04701e+02
  7 -0.18510 -1.04191e+03 |  8 -0.04127 -1.55663e+02 |  9 -0.48627 -3.99712e+02
 10 -0.64142 -8.34429e+02 | 11 -0.02678 -5.62033e+03 | 12 -0.13481 -5.75900e+00
 13  0.21461 -4.10708e+02 | 14 -0.22824  1.85844e+01 | 15 -0.11299  7.96379e+00
 16 -0.54522 -1.21613e+01 | 17  0.08171 -4.04589e+01 | 18 -0.30689  8.22198e+00
 19  0.12238 -2.09529e+02 | 20  0.15317 -3.73944e+02 | 21  0.04244 -8.85861e+01
 22  0.06248 -1.43907e+02 | 23  0.17567 -2.67659e+02 | 24  0.03132 -9.83129e+01
 25  0.05252 -3.62829e+01 | 26  0.12630 -1.18910e+02 | 27  0.07137 -6.20865e+01
 28 -0.00958  2.84863e+01 | 29  0.12206  3.21621e+01 | 30  0.05493  6.82269e+00
 31 -0.04233  3.96905e+00 | 32  0.06400  1.77024e+01 | 33  0.14434  5.30393e+00
 34 -0.00811  3.15103e+01 | 35  0.06074  1.07856e+02 | 36  0.05263  1.22601e+02
 37 -0.05970  5.09979e+01 | 38 -0.09756  4.16127e+01 | 39 -0.04673  4.94692e+01
 40  0.08835  9.67515e+01 | 41  0.11925  9.69142e+01 | 42  0.07589  6.94677e+01
 43  0.05916  1.20276e+02 | 44 -0.00308  4.97094e+01 | 45 -0.05281  3.71695e+01
 46  0.18085  7.56254e+01 | 47 -0.22091  2.75078e+01 | 48  0.16902  1.82975e+02
 49 -0.29915  2.03379e+01 | 50  0.28585  2.48902e+02 | 51 -0.11080  3.43012e+01
 52  0.17733  1.94548e+01 | 53 -0.33137  1.74821e+01 | 54 -0.46547  6.61661e+00
 55  0.35632  1.87996e+02 | 56 -0.17731  1.34392e+01 | 57 -0.61764  5.73285e+00
 58 -0.14649 -1.21203e+02 | 59 -0.22362  1.39789e+01 | 60  0.58027  1.80706e+00
 61 -0.47922 -7.98227e-01 | 62 -0.14641  7.72419e+00 | 63 -0.33339 -4.45561e+00
 64 -0.33339  4.18884e+00 | 65  0.12897  3.79609e+00 | 66 -0.00011 -4.98183e-07
 67 -0.02776 -3.20668e+01 | 68  0.11132  1.95077e+02 | 69  0.00025  1.82984e-02
 70 -0.08491 -1.90534e+02 | 71  0.24217 -8.76695e+02 | 72  0.00011  8.18294e-08
 73 -0.01463  1.32195e+03 | 74  0.17831 -1.08698e+02 | 75 -0.00011 -2.42711e-06
 76 -0.07545 -1.78265e+01 | 77  0.00004  3.31156e-07 | 78 -0.06141  9.51899e+01
 79 -0.00024 -1.27560e+02 | 80 -0.54418  5.87070e+01 | 81  0.60799  8.88774e-01
 82 -0.66896 -4.29285e+01 | 83 -0.01603  2.98373e+01 | 84 -0.12629 -1.15198e+02
 85 -0.01157 -3.09435e+02 | 86 -0.41446 -3.45671e+02 | 87  0.16592  2.17312e+02
 88 -0.17040 -7.68943e+02 | 89  0.00661 -8.17968e+02 | 90  0.10410  1.64337e+01
 91 -0.05363  1.83488e+01 | 92  0.30000  3.40396e+02 | 93  0.30084  4.08523e+02
 94 -0.00126 -4.23523e+00 | 95 -0.00144  1.17800e+01 | 96  0.28565 -4.41177e+00
 97  0.03111 -5.55245e+02 | 98  0.02517 -3.34378e+01 | 99  0.05944 -1.36007e+02
100  0.04147 -1.25830e+03 |101  0.12154  7.45205e+00 |102 -0.13252  2.09620e+01
103 -0.11399  6.56071e+02 |104 -0.06476  1.94217e+01 |105  0.08679 -6.19359e+02
106  0.11668 -3.31648e+00 |107  0.74481 -5.45442e+01 |108 -0.30814  2.87822e+01

Intermediate statistics: 108 variables; iteration 20; function evaluation 24; phase 3
Function value 5.3261605e+04; maximum gradient component mag -4.8786e+03
Var    Value     Gradient |Var    Value     Gradient |Var    Value     Gradient
  1 -0.07695  2.68771e+02 |  2  0.13846  2.11129e+02 |  3 -0.14388 -1.09839e+02
  4 -0.48838 -9.48186e+01 |  5 -0.58090  3.10485e+02 |  6 -0.10540  6.86211e+01
  7 -0.25632 -1.47157e+03 |  8  0.15335 -3.99301e+02 |  9 -0.63699 -2.24232e+02
 10 -0.53948 -6.08797e+02 | 11 -0.03534 -4.87861e+03 | 12 -0.00348 -5.88215e+01
 13  0.22457 -3.36752e+02 | 14 -0.16641  8.30009e+00 | 15 -0.07561 -1.03330e+00
 16 -0.31287 -1.70291e+01 | 17  0.05184 -1.17750e+02 | 18 -0.16003  2.01973e-01
 19  0.11115 -1.48939e+02 | 20  0.18459 -1.99936e+02 | 21 -0.02831 -5.27374e+01
 22  0.11207 -5.71027e+01 | 23  0.15705 -1.10335e+02 | 24  0.10051 -4.24958e+01
 25  0.01856 -3.47663e+01 | 26  0.12355 -1.07792e+02 | 27  0.06839 -6.99450e+01
 28 -0.01697 -6.71473e+00 | 29  0.09483 -9.46486e+01 | 30  0.00982 -5.03773e+01
 31 -0.01560 -2.44453e+01 | 32  0.02950 -5.89867e+01 | 33  0.09658 -1.35585e+02
 34 -0.03364 -1.44462e+01 | 35 -0.02122 -3.28224e+01 | 36 -0.04312 -2.11728e+01
 37 -0.11017  1.31960e+01 | 38 -0.15117  2.38828e+01 | 39 -0.07442  1.71123e+01
 40 -0.02158 -4.91874e+00 | 41  0.03520  8.99860e+00 | 42  0.02144  2.30023e+01
 43 -0.05215  2.65206e+01 | 44 -0.06661  2.54510e+01 | 45 -0.05600  4.07226e+01
 46  0.09985  7.51133e+01 | 47 -0.14818  3.30451e+01 | 48  0.07377  8.51002e+01
 49 -0.16148  2.40566e+01 | 50  0.18924  9.60751e+01 | 51 -0.05049  4.57557e+01
 52  0.12760  1.62405e+02 | 53 -0.26501  3.91490e+01 | 54 -0.22696  4.01933e+01
 55  0.25340  2.17338e+02 | 56  0.04027  7.52082e+01 | 57 -0.60015 -7.65707e+00
 58 -0.11403  2.48909e+01 | 59 -0.28534  1.35567e+01 | 60  0.56745  3.05982e+00
 61 -0.30619  5.87344e+00 | 62 -0.18219  5.90762e+00 | 63 -0.33247  3.83725e-01
 64 -0.32666  2.29289e+00 | 65  0.16724 -3.19424e+01 | 66 -0.00011 -3.13358e-06
 67  0.02126  3.35234e+01 | 68  0.05366  1.22784e+02 | 69  0.00010  1.85881e-02
 70 -0.13070 -1.02496e+02 | 71  0.24205 -7.56649e+02 | 72  0.00011 -1.40821e-06
 73 -0.00469  1.23070e+03 | 74  0.23767 -5.33501e+01 | 75 -0.00011 -8.02217e-06
 76 -0.02166  6.79605e+01 | 77  0.00004 -6.64402e-07 | 78 -0.00329  1.61912e+02
 79 -0.01676  1.10895e+03 | 80 -0.73324 -2.40646e+00 | 81  0.59481  6.55097e-01
 82 -0.60919  2.23848e+00 | 83  0.01886 -7.61466e+00 | 84 -0.09521  3.72345e+00
 85  0.03710 -6.04690e+00 | 86 -0.38243 -2.78929e+02 | 87  0.09976  2.41847e+02
 88 -0.16984 -3.51499e+02 | 89 -0.03683 -1.09097e+03 | 90  0.09832 -2.61867e+02
 91 -0.02999  2.50672e+02 | 92  0.23891  8.76838e+01 | 93  0.24209  2.18608e+02
 94  0.05974 -4.95077e-02 | 95  0.01318  1.66536e+01 | 96  0.21440 -3.77015e+00
 97  0.03926 -4.24598e+02 | 98  0.01094 -1.44021e+02 | 99  0.03276 -2.64359e+02
100  0.02585 -1.63839e+03 |101  0.06629 -2.58849e+01 |102 -0.10924  1.60967e+02
103 -0.09535  1.09035e+03 |104 -0.09256  2.54568e+01 |105  0.10672 -2.35323e+02
106  0.11801 -2.27381e+00 |107  0.77063 -1.48288e+02 |108 -0.30073  9.37028e+01
108 variables; iteration 40; function evaluation 44; phase 3
Function value 5.3240380e+04; maximum gradient component mag 1.6390e+03
Var    Value     Gradient |Var    Value     Gradient |Var    Value     Gradient
  1 -0.08108  3.40828e+02 |  2  0.13002  6.83666e+02 |  3 -0.14059  1.82085e+02
  4 -0.49467 -7.08680e+01 |  5 -0.57570  6.19677e+02 |  6 -0.10333  1.95992e+02
  7 -0.25662 -1.13981e+03 |  8  0.14602 -2.80893e+02 |  9 -0.61039 -1.89614e+02
 10 -0.53832 -5.18759e+02 | 11 -0.03482  1.63905e+03 | 12  0.11998  6.36983e+01
 13  0.20247  1.54039e+02 | 14 -0.14636  4.68630e+00 | 15 -0.10756  1.52629e+01
 16 -0.07902  7.74747e+00 | 17  0.03835  1.32514e+01 | 18 -0.11430  9.75555e+00
 19  0.12430  3.79812e+01 | 20  0.17612 -1.01972e+01 | 21 -0.01886 -3.13000e+01
 22  0.12081  7.15568e+01 | 23  0.14866 -1.78791e-01 | 24  0.10007  2.18438e+01
 25  0.01478 -2.00916e+01 | 26  0.11744 -3.10588e+01 | 27  0.07428 -1.46888e+01
 28 -0.04252 -9.57102e+00 | 29  0.11119 -2.17924e+01 | 30 -0.04246 -5.32712e+01
 31  0.02437 -3.93359e+01 | 32 -0.04458 -8.77078e+01 | 33  0.10720 -1.44736e+02
 34 -0.07214 -5.60985e+01 | 35 -0.02744 -6.77707e+01 | 36 -0.05311 -5.31786e+01
 37 -0.12663 -3.07785e+01 | 38 -0.19368 -2.63506e+01 | 39 -0.08717 -3.11456e+01
 40 -0.03887 -5.33603e+01 | 41  0.02483 -4.99895e+01 | 42  0.00107 -3.85761e+01
 43 -0.05430 -1.70016e+01 | 44 -0.07471 -1.97638e+01 | 45 -0.07577 -5.68338e+00
 46  0.09853  6.36834e+01 | 47 -0.14471  2.45248e+00 | 48  0.06175  4.38703e+01
 49 -0.12392  3.40328e+00 | 50  0.18380  5.79101e+01 | 51 -0.07966 -5.20368e+00
 52  0.12039  9.03166e+01 | 53 -0.28615 -1.18843e-01 | 54 -0.19745  2.17285e+01
 55  0.25279  2.02556e+02 | 56  0.00811  1.68114e+01 | 57 -0.53523  3.86901e+00
 58 -0.11511  7.24086e+01 | 59 -0.44911 -9.48099e+00 | 60  0.42222  3.43386e+00
 61 -0.20828  2.33911e+01 | 62 -0.35142 -8.26377e+00 | 63 -0.27114  2.45319e+00
 64 -0.35872  2.59146e+00 | 65  0.41609  3.99212e-01 | 66 -0.00011 -2.05904e-06
 67  0.09294  1.69583e+01 | 68  0.00698  2.06614e+01 | 69 -0.00117  1.73532e-02
 70 -0.21407 -5.32663e+01 | 71  0.25413 -6.56176e+02 | 72  0.00011 -1.31105e-06
 73 -0.00085  1.13898e+03 | 74  0.24132  5.41278e+01 | 75 -0.00011 -8.15082e-06
 76 -0.02347 -1.04935e+02 | 77  0.00004 -2.30068e-08 | 78 -0.00977  1.48118e+02
 79 -0.02134  9.11328e+02 | 80 -0.70651  2.51839e+01 | 81  0.49351 -7.59522e+00
 82 -0.51285  1.31027e+01 | 83  0.13927  4.52897e+00 | 84 -0.12051 -3.16129e+01
 85  0.05057  4.37466e+01 | 86 -0.37313 -2.62860e+02 | 87  0.10810  2.20577e+02
 88 -0.17478 -3.66679e+02 | 89 -0.02834 -9.91296e+02 | 90  0.10685 -8.91643e+01
 91 -0.03482  6.59261e+01 | 92  0.20322  3.88805e+01 | 93  0.22783  1.42983e+02
 94  0.16905  1.86381e-01 | 95  0.03088  6.99591e+00 | 96  0.10044  9.60303e+00
 97  0.03635 -7.07179e+01 | 98  0.00316 -1.44768e+02 | 99  0.03139 -2.63768e+02
100  0.02701 -1.45443e+03 |101  0.05724 -2.27212e+01 |102 -0.10587  1.62601e+02
103 -0.09564  9.75672e+02 |104 -0.10672  1.75616e+01 |105  0.10089 -4.72449e+01
106  0.11830 -1.64929e+00 |107  0.75070 -3.27411e+02 |108 -0.30142  1.91601e+02
108 variables; iteration 60; function evaluation 64; phase 3
Function value 5.3133956e+04; maximum gradient component mag 3.9446e+03
Var    Value     Gradient |Var    Value     Gradient |Var    Value     Gradient
  1 -0.11000  1.43552e+02 |  2  0.12201  2.79663e+02 |  3 -0.12060  1.20367e+02
  4 -0.44248 -4.21735e+01 |  5 -0.58586  1.50578e+02 |  6 -0.13618  8.10856e+01
  7 -0.21733  1.84465e+01 |  8  0.14207  3.16484e+01 |  9 -0.49063 -6.46823e+01
 10 -0.55435 -1.42513e+02 | 11 -0.03888  3.94456e+03 | 12  0.11232  9.27385e+01
 13  0.20867  2.40554e+02 | 14 -0.15493 -1.25880e+01 | 15 -0.13886 -2.00987e+01
 16 -0.16380 -3.45087e+01 | 17  0.06653  6.39493e+01 | 18 -0.17339 -2.02302e+01
 19  0.13277  1.11588e+02 | 20  0.18102  8.47097e+01 | 21 -0.02786 -4.92373e+01
 22  0.11416  4.93367e+01 | 23  0.16469  6.38205e+01 | 24  0.09684  2.92149e+01
 25  0.01542 -8.42168e+00 | 26  0.14227  1.01495e+02 | 27  0.07051  2.39626e+00
 28 -0.02587 -2.74590e+00 | 29  0.10134  4.23474e+01 | 30  0.03560  2.50604e+01
 31 -0.04533 -1.65460e+01 | 32  0.03359  2.33738e+00 | 33  0.10119  2.96260e+01
 34 -0.04329 -7.28025e+00 | 35 -0.02195 -6.26459e+00 | 36 -0.03260  3.07490e-01
 37 -0.12512 -2.32262e+01 | 38 -0.14236 -1.73410e+01 | 39 -0.11602 -3.07341e+01
 40 -0.00080 -3.21710e+01 | 41  0.01656 -7.50461e+01 | 42  0.00196 -5.27009e+01
 43 -0.03107 -1.55241e+00 | 44 -0.05353 -9.95436e+00 | 45 -0.06966 -2.35944e+01
 46  0.09735 -6.30986e+00 | 47 -0.14117 -2.77941e+01 | 48  0.05584 -4.35850e+01
 49 -0.17196 -3.11608e+01 | 50  0.19113 -7.01427e+00 | 51 -0.12228 -4.18128e+01
 52  0.13078 -2.20416e+01 | 53 -0.31809 -3.67706e+01 | 54 -0.21106 -2.64662e+01
 55  0.26820  1.98548e+01 | 56 -0.00417 -3.97787e+01 | 57 -0.59050 -4.24255e+00
 58 -0.11810  7.63587e+01 | 59 -0.31876  7.57862e+00 | 60 -0.19021 -6.50846e+00
 61 -0.29338 -1.55481e+01 | 62 -0.31932 -5.05204e+00 | 63 -0.01092  1.27750e+01
 64 -0.85444 -1.49536e+00 | 65  0.25429 -3.32656e+01 | 66 -0.00011  1.08838e-06
 67  0.06225  7.05325e+01 | 68  0.01687  1.29585e+02 | 69 -0.02840  4.11661e-02
 70 -0.20563 -9.26356e+01 | 71  0.25841 -5.31198e+01 | 72  0.00011 -9.56205e-07
 73 -0.00532  9.36605e+01 | 74  0.23714  5.40031e+01 | 75 -0.00011 -6.18160e-06
 76 -0.02900 -1.35816e+02 | 77  0.00004  9.96776e-07 | 78 -0.02329 -3.63128e+01
 79 -0.04114 -2.11223e+02 | 80 -0.74719 -1.29428e+01 | 81  0.44042 -4.26970e+00
 82 -0.58817 -1.28095e+01 | 83  0.05436  1.06393e+01 | 84 -0.11606 -5.01705e+01
 85  0.02647 -5.12364e+01 | 86 -0.37950 -1.72982e+02 | 87  0.10376  7.76269e+01
 88 -0.17780 -3.90033e+02 | 89 -0.00034 -2.14992e+02 | 90  0.11834  1.93083e+02
 91 -0.03332 -1.99257e+02 | 92  0.22350  1.46221e+01 | 93  0.20636  4.15146e+01
 94  0.91996 -5.33697e-01 | 95 -0.20645 -6.44753e+00 | 96  0.16820  2.26432e+01
 97  0.02165  2.08620e+02 | 98  0.00923  4.41084e+01 | 99  0.05591 -1.39573e+01
100  0.05432  4.26791e+01 |101  0.08691  3.62673e+00 |102 -0.09675 -6.25346e+00
103 -0.10285 -9.47572e+01 |104 -0.07288  1.01997e+01 |105  0.09745  7.75710e+01
106  0.11810  8.99544e-02 |107  0.74741 -1.15165e+02 |108 -0.26235  9.19209e+01
108 variables; iteration 80; function evaluation 85; phase 3
Function value 5.3119298e+04; maximum gradient component mag -3.9575e+02
Var    Value     Gradient |Var    Value     Gradient |Var    Value     Gradient
  1 -0.11057  5.00056e+01 |  2  0.11641 -1.54883e+02 |  3 -0.11832 -1.15592e+02
  4 -0.45048 -9.38938e+01 |  5 -0.58058 -1.19828e+02 |  6 -0.14106  4.63816e+01
  7 -0.22577 -7.58563e+01 |  8  0.15625 -1.74546e+01 |  9 -0.48127 -4.09479e+01
 10 -0.53652 -4.54125e+01 | 11 -0.04156 -2.22508e+02 | 12  0.13286  2.15698e+01
 13  0.21632  5.83212e+01 | 14 -0.16325  7.91444e+00 | 15 -0.15135  5.20897e-01
 16 -0.10859 -5.68227e+00 | 17  0.05290 -7.46144e+00 | 18 -0.14619  6.66047e+00
 19  0.12390 -3.25261e+00 | 20  0.18796  2.39170e+01 | 21  0.01220 -6.40484e+00
 22  0.10366 -2.07018e+01 | 23  0.16372 -4.87060e+01 | 24  0.11252  7.97113e+00
 25  0.00539 -2.34666e+01 | 26  0.14027 -4.57252e+00 | 27  0.09092  6.97257e+00
 28 -0.02778  1.07836e+01 | 29  0.11294 -1.81151e+00 | 30  0.00984 -1.67352e+01
 31 -0.03853 -1.34416e+01 | 32  0.02384  7.35179e-01 | 33  0.11074  8.39929e+01
 34 -0.03758  4.36394e+01 | 35 -0.03790  2.49286e+01 | 36 -0.02977  5.39217e+01
 37 -0.14004  7.35144e+00 | 38 -0.19079 -1.02432e+00 | 39 -0.11736 -6.95543e+00
 40 -0.03740 -6.83223e+00 | 41  0.02496  3.09559e+01 | 42  0.00869  5.71064e+01
 43 -0.03767  5.48854e+01 | 44 -0.06896  1.96599e+01 | 45 -0.06448  1.01906e+01
 46  0.08421 -7.58946e+00 | 47 -0.15426  3.32347e+00 | 48  0.05170  3.85407e+00
 49 -0.15083  1.22832e+01 | 50  0.18355  3.53907e+01 | 51 -0.12095 -1.87982e+00
 52  0.11564 -2.30856e+01 | 53 -0.27865  9.90169e+00 | 54 -0.21866  9.53757e+00
 55  0.24930  3.22616e+00 | 56  0.01559  6.46153e+00 | 57 -0.53520  7.72421e-01
 58 -0.10146  7.34401e+01 | 59 -0.35353  5.75359e+00 | 60 -0.07067 -1.34508e+00
 61 -0.28532 -2.18699e+01 | 62 -0.29944 -2.98972e+00 | 63 -0.32215  1.40415e+00
 64 -0.67935 -3.30907e+00 | 65  0.36758 -4.06485e+00 | 66 -0.00011  1.05521e-06
 67  0.08557  2.77672e+01 | 68  0.04596  4.16560e+01 | 69 -0.04515  4.76415e-02
 70 -0.13033 -5.23711e+01 | 71  0.25726 -4.00188e+01 | 72  0.00011 -1.14334e-06
 73 -0.00931 -2.34364e+01 | 74  0.23934  7.09292e+00 | 75 -0.00010 -6.54734e-06
 76 -0.02550 -5.32528e+01 | 77  0.00004  9.25737e-07 | 78 -0.01717 -2.59019e+01
 79 -0.04409 -2.95254e+02 | 80 -0.72232 -1.17069e+01 | 81  0.46568  1.45740e+00
 82 -0.63144 -8.47565e+00 | 83  0.04672  9.32517e+00 | 84 -0.09986 -1.52406e+01
 85  0.04105 -6.05851e+00 | 86 -0.37761 -1.50550e+02 | 87  0.10765  4.80504e+01
 88 -0.17978 -3.95749e+02 | 89  0.00992 -6.78208e+01 | 90  0.10819  4.80868e+00
 91 -0.03375 -2.64955e-01 | 92  0.19528  2.49527e+01 | 93  0.22118  6.73222e+01
 94 -0.03860 -1.05319e+00 | 95  0.32922  3.08877e+00 | 96  0.11986 -5.12673e+00
 97  0.03612 -1.01748e+02 | 98  0.01409  1.82539e+01 | 99  0.06337 -9.06757e+00
100  0.05837  2.03044e+02 |101  0.06966 -1.19968e+01 |102 -0.08651  8.01831e-03
103 -0.10237 -2.07327e+02 |104 -0.09069  1.47873e+01 |105  0.10207 -5.02102e+01
106  0.12841  1.46832e+01 |107  0.74477  1.45595e+01 |108 -0.26785 -1.36033e+01
Maximum number of function evaluations exceeded

 - final statistics:
108 variables; iteration 94; function evaluation 100
Function value 5.3108e+04; maximum gradient component mag 4.3770e+02
Exit code = 3;  converg criter 1.0000e+00
Var    Value     Gradient |Var    Value     Gradient |Var    Value     Gradient
  1 -0.12358  7.65189e+01 |  2  0.11068 -1.88645e+01 |  3 -0.10511 -8.72701e+00
  4 -0.42836 -3.76278e+01 |  5 -0.56974 -1.18427e+01 |  6 -0.15003  3.26317e+01
  7 -0.22551  9.70592e+00 |  8  0.16483  1.05049e+01 |  9 -0.46909 -2.32172e+01
 10 -0.53622 -7.68599e+00 | 11 -0.04210  4.37701e+02 | 12  0.13205  2.71992e+01
 13  0.21452  7.01450e+01 | 14 -0.19466 -4.40332e+00 | 15 -0.12680  4.57902e+00
 16 -0.08693 -2.87430e-01 | 17  0.04810  2.80756e+00 | 18 -0.12393  1.07141e+01
 19  0.12614  2.29299e+01 | 20  0.18698  5.16035e+01 | 21  0.02121  1.33539e+01
 22  0.11119  2.62928e+01 | 23  0.16653 -1.92392e+01 | 24  0.10567  9.63944e+00
 25  0.03246 -6.08357e+00 | 26  0.13569 -1.36684e+01 | 27  0.09177 -4.48978e+00
 28 -0.03322  2.00549e+00 | 29  0.11428  3.47955e+00 | 30  0.01487 -1.02083e+01
 31 -0.03550 -7.75038e+00 | 32  0.03434  3.54774e+00 | 33  0.09668  1.45940e+01
 34 -0.04886  1.29952e+01 | 35 -0.03511  8.98616e+00 | 36 -0.05865  1.03764e+01
 37 -0.13995  5.12828e+00 | 38 -0.17800  7.65033e+00 | 39 -0.11549  6.94118e+00
 40 -0.04529  1.69751e+00 | 41  0.01887  1.63616e+01 | 42 -0.00557  1.65117e+01
 43 -0.05315  2.01237e+01 | 44 -0.06576  5.61940e+00 | 45 -0.07909 -3.52532e+00
 46  0.08334 -1.06869e+00 | 47 -0.15482 -1.17077e-01 | 48  0.05026  1.00690e+01
 49 -0.15950  4.26531e+00 | 50  0.17824  3.15043e+01 | 51 -0.09833  4.32155e+00
 52  0.11153 -1.22011e+01 | 53 -0.26224  1.09432e+01 | 54 -0.22315  2.33400e+00
 55  0.24148 -4.73930e+00 | 56  0.01868 -3.26845e-01 | 57 -0.53116 -5.34148e-01
 58 -0.10726  9.52470e+00 | 59 -0.44033 -1.08191e+01 | 60 -0.06274 -7.08864e-01
 61 -0.29605 -3.31170e-02 | 62 -0.28253 -1.31545e+00 | 63 -0.27940 -1.02175e+00
 64 -0.17032  3.03544e+00 | 65  0.36191 -1.44401e+00 | 66 -0.00011  1.88053e-06
 67  0.07963  1.50003e+01 | 68  0.06277 -4.43952e+01 | 69 -0.08007  4.54399e-02
 70 -0.08871  3.36756e+01 | 71  0.26525 -2.58180e+01 | 72  0.00011 -1.36720e-06
 73 -0.00518 -7.45150e+00 | 74  0.24878 -7.47092e+00 | 75 -0.00010 -7.97761e-06
 76 -0.01873 -7.53256e+00 | 77  0.00004  1.23053e-06 | 78 -0.01224 -1.65879e+01
 79 -0.04637 -2.14804e+02 | 80 -0.69787 -1.51564e+00 | 81  0.50305  4.00907e+00
 82 -0.58734  3.00158e+00 | 83  0.03129 -1.34281e+01 | 84 -0.10234 -1.39195e+01
 85  0.03783 -2.22934e+00 | 86 -0.37225 -1.26337e+02 | 87  0.09988  3.07636e+01
 88 -0.17985 -3.50277e+02 | 89  0.00952 -4.63340e+01 | 90  0.10711  2.64017e+01
 91 -0.03706 -2.44776e+01 | 92  0.19896  2.32928e+01 | 93  0.20847  5.34266e+01
 94  0.12944 -1.10362e+00 | 95  0.47283  1.98208e+00 | 96  0.12530  2.39501e+00
 97  0.03147 -6.61657e+01 | 98  0.01421  4.72313e+00 | 99  0.06324 -4.10240e+00
100  0.05780  7.34592e+01 |101  0.07923 -2.28873e+00 |102 -0.08663 -7.01537e+00
103 -0.09944 -9.91762e+01 |104 -0.08481  7.98160e+00 |105  0.10555  2.74430e+01
106  0.11556 -3.65241e+00 |107  0.76503 -4.15235e+00 |108 -0.25662  1.06850e+00

Initial statistics: 188 variables; iteration 0; function evaluation 0; phase 4
Function value 5.3108125e+04; maximum gradient component mag 4.3770e+02
Var    Value     Gradient |Var    Value     Gradient |Var    Value     Gradient
  1 -0.12358  7.65189e+01 |  2  0.11068 -1.88645e+01 |  3 -0.10511 -8.72701e+00
  4 -0.42836 -3.76278e+01 |  5 -0.56974 -1.18427e+01 |  6 -0.15003  3.26317e+01
  7 -0.22551  9.70592e+00 |  8  0.16483  1.05049e+01 |  9 -0.46909 -2.32172e+01
 10 -0.53622 -7.68599e+00 | 11 -0.04210  4.37701e+02 | 12  0.00000  4.16024e-01
 13  0.00000  4.58101e-01 | 14  0.00000  5.04112e-01 | 15  0.00000  5.54331e-01
 16  0.00000  6.09013e-01 | 17  0.00000  6.68384e-01 | 18  0.00000  7.32608e-01
 19  0.00000  8.01755e-01 | 20  0.00000  8.75761e-01 | 21  0.00000  9.54464e-01
 22  0.00000  1.03781e+00 | 23  0.00000  1.12621e+00 | 24  0.00000  1.22058e+00
 25  0.00000  1.32206e+00 | 26  0.00000  1.43154e+00 | 27  0.00000  1.55006e+00
 28  0.00000  1.67841e+00 | 29  0.00000  1.81727e+00 | 30  0.00000  1.96752e+00
 31  0.00000  2.13008e+00 | 32  0.00000  2.30611e+00 | 33  0.00000  2.49662e+00
 34  0.00000  2.70282e+00 | 35  0.00000  2.92601e+00 | 36  0.00000  3.16744e+00
 37  0.00000  3.42871e+00 | 38  0.00000  3.71128e+00 | 39  0.00000  4.01660e+00
 40  0.00000  4.34667e+00 | 41  0.00000  4.70318e+00 | 42  0.00000  5.08814e+00
 43  0.00000  5.50329e+00 | 44  0.00000  5.95087e+00 | 45  0.00000  6.43295e+00
 46  0.00000  6.95212e+00 | 47  0.00000  7.51117e+00 | 48  0.00000  8.11407e+00
 49  0.00000  8.76671e+00 | 50  0.00000  9.47871e+00 | 51  0.00000  1.02614e+01
 52  0.00000  1.11199e+01 | 53  0.00000  1.20526e+01 | 54  0.00000  1.30542e+01
 55  0.00000  1.41106e+01 | 56  0.00000  1.52258e+01 | 57  0.00000  1.64051e+01
 58  0.00000  1.76424e+01 | 59  0.00000  1.89394e+01 | 60  0.00000  2.03096e+01
 61  0.00000  2.17383e+01 | 62  0.00000  2.32041e+01 | 63  0.00000  2.46781e+01
 64  0.00000  2.61204e+01 | 65  0.00000  2.74863e+01 | 66  0.00000  2.87348e+01
 67  0.00000  2.98292e+01 | 68  0.00000  3.07665e+01 | 69  0.00000  3.15876e+01
 70  0.00000  3.23968e+01 | 71  0.00000  3.33121e+01 | 72  0.00000  3.42975e+01
 73  0.00000  3.46599e+01 | 74  0.00000  3.40669e+01 | 75  0.00000  3.18987e+01
 76  0.00000  2.81106e+01 | 77  0.00000  2.29043e+01 | 78  0.00000  1.65122e+01
 79  0.00000  9.87518e+00 | 80  0.00000  3.50357e+00 | 81  0.00000  4.48494e-02
 82  0.13175  1.93557e+01 | 83  0.21421  6.25892e+01 | 84 -0.19497 -1.20469e+01
 85 -0.12709 -3.27943e+00 | 86 -0.08722 -8.22954e+00 | 87  0.04780 -5.18701e+00
 88 -0.12423  2.84803e+00 | 89  0.12584  1.50709e+01 | 90  0.18667  4.39360e+01
 91  0.02092  5.34120e+00 | 92  0.11089  1.83990e+01 | 93  0.16623 -2.69871e+01
 94  0.10537  1.73251e+00 | 95  0.03216 -1.40907e+01 | 96  0.13539 -2.15065e+01
 97  0.09148 -1.24247e+01 | 98 -0.03351 -6.00071e+00 | 99  0.11398 -4.40926e+00
100  0.01458 -1.82235e+01 |101 -0.03580 -1.57548e+01 |102  0.03404 -4.45797e+00
103  0.09638  6.66952e+00 |104 -0.04916  5.00137e+00 |105 -0.03540  9.81065e-01
106 -0.05894  2.39302e+00 |107 -0.14025 -2.69573e+00 |108 -0.17830 -5.55806e-02
109 -0.11579 -9.44429e-01 |110 -0.04558 -6.29926e+00 |111  0.01858  8.34801e+00
112 -0.00586  8.49469e+00 |113 -0.05344  1.21339e+01 |114 -0.06606 -2.35501e+00
115 -0.07939 -1.14801e+01 |116  0.08305 -9.01790e+00 |117 -0.15512 -7.89748e+00
118  0.04997  2.07683e+00 |119 -0.15981 -3.50120e+00 |120  0.17793  2.38025e+01
121 -0.09863 -3.60001e+00 |122  0.11123 -2.00973e+01 |123 -0.26255  3.59575e+00
124 -0.22346 -5.19485e+00 |125  0.24117 -1.21891e+01 |126  0.01839 -8.34076e+00
127 -0.53116 -5.34148e-01 |128 -0.10726  9.52470e+00 |129 -0.44033 -1.08191e+01
130 -0.06274 -7.08864e-01 |131 -0.29605 -3.31170e-02 |132 -0.28253 -1.31545e+00
133 -0.27940 -1.02175e+00 |134 -0.17032  3.03544e+00 |135  0.36191 -1.44401e+00
136 -0.00011  1.88053e-06 |137  0.07963  1.50003e+01 |138 -0.77185 -8.29587e-03
139 -0.49515 -2.75742e-03 |140  0.06277 -4.43952e+01 |141 -0.08007  4.54399e-02
142 -0.08871  3.36756e+01 |143  0.62540  4.72165e-03 |144  0.68852  7.03281e-03
145  0.26525 -2.58180e+01 |146  0.00011 -1.36720e-06 |147 -0.00518 -7.45150e+00
148  0.24878 -7.47092e+00 |149 -0.00010 -7.97761e-06 |150 -0.01873 -7.53256e+00
151  0.00004  1.23053e-06 |152 -0.01224 -1.65879e+01 |153 -0.04637 -2.14804e+02
154 -0.69787 -1.51564e+00 |155  0.50305  4.00907e+00 |156 -0.58734  3.00158e+00
157  0.03129 -1.34281e+01 |158 -0.10234 -1.39195e+01 |159  0.03783 -2.22934e+00
160 -0.37225 -1.26337e+02 |161  0.09988  3.07636e+01 |162 -0.17985 -3.50277e+02
163  0.00952 -4.63340e+01 |164  0.10711  2.64017e+01 |165 -0.03706 -2.44776e+01
166  0.19896  2.32928e+01 |167  0.20847  5.34266e+01 |168  0.12944 -1.10362e+00
169  0.47283  1.98208e+00 |170  0.12530  2.39501e+00 |171  0.03147 -6.61657e+01
172  0.01421  4.72313e+00 |173  0.06324 -4.10240e+00 |174  0.05780  7.34592e+01
175  0.07923 -2.28873e+00 |176 -0.08663 -7.01537e+00 |177 -0.09944 -9.91762e+01
178 -0.08481  7.98160e+00 |179  0.62932  4.89681e-03 |180  0.62864  4.94478e-03
181  0.62481  4.68420e-03 |182  0.67962  1.70495e-02 |183  0.68397  2.08766e-02
184  0.68485  4.49829e-03 |185  0.10555  2.74430e+01 |186  0.11556 -3.65241e+00
187  0.76503 -4.15235e+00 |188 -0.25662  1.06850e+00 |

Intermediate statistics: 188 variables; iteration 20; function evaluation 24; phase 4
Function value 5.3084667e+04; maximum gradient component mag -1.0621e+03
Var    Value     Gradient |Var    Value     Gradient |Var    Value     Gradient
  1 -0.12569  1.64538e+02 |  2  0.12984 -1.18260e+01 |  3 -0.11308  8.39593e+01
  4 -0.40575 -2.50432e+01 |  5 -0.59419 -1.32339e+02 |  6 -0.15349 -8.91202e+00
  7 -0.21986 -1.11798e+02 |  8  0.15215 -5.26784e+01 |  9 -0.46066 -2.67312e+01
 10 -0.54071 -1.50336e+01 | 11 -0.02567 -1.06208e+03 | 12 -0.00136  1.15084e-01
 13 -0.00150  1.26404e-01 | 14 -0.00165  1.38722e-01 | 15 -0.00182  1.52096e-01
 16 -0.00199  1.66577e-01 | 17 -0.00219  1.82211e-01 | 18 -0.00240  1.99025e-01
 19 -0.00262  2.17024e-01 | 20 -0.00286  2.36184e-01 | 21 -0.00311  2.56455e-01
 22 -0.00338  2.77814e-01 | 23 -0.00367  3.00339e-01 | 24 -0.00397  3.24222e-01
 25 -0.00430  3.49694e-01 | 26 -0.00465  3.76923e-01 | 27 -0.00503  4.06113e-01
 28 -0.00543  4.36589e-01 | 29 -0.00587  4.69867e-01 | 30 -0.00635  5.05420e-01
 31 -0.00686  5.43354e-01 | 32 -0.00742  5.83802e-01 | 33 -0.00801  6.26854e-01
 34 -0.00866  6.72617e-01 | 35 -0.00935  7.21181e-01 | 36 -0.01010  7.72612e-01
 37 -0.01090  8.26991e-01 | 38 -0.01176  8.84355e-01 | 39 -0.01269  9.44695e-01
 40 -0.01369  1.00803e+00 | 41 -0.01476  1.07431e+00 | 42 -0.01590  1.14349e+00
 43 -0.01712  1.21546e+00 | 44 -0.01843  1.29011e+00 | 45 -0.01983  1.36722e+00
 46 -0.02131  1.44664e+00 | 47 -0.02290  1.52820e+00 | 48 -0.02459  1.61177e+00
 49 -0.02640  1.69721e+00 | 50 -0.02835  1.78427e+00 | 51 -0.03045  1.87228e+00
 52 -0.03272  1.95899e+00 | 53 -0.03512  2.04326e+00 | 54 -0.03764  2.12373e+00
 55 -0.04022  2.19737e+00 | 56 -0.04283  2.26473e+00 | 57 -0.04548  2.32512e+00
 58 -0.04812  2.37755e+00 | 59 -0.05071  2.42074e+00 | 60 -0.05329  2.45786e+00
 61 -0.05578  2.48903e+00 | 62 -0.05810  2.51369e+00 | 63 -0.06015  2.53250e+00
 64 -0.06180  2.54350e+00 | 65 -0.06293  2.54649e+00 | 66 -0.06342  2.53989e+00
 67 -0.06316  2.52262e+00 | 68 -0.06215  2.49691e+00 | 69 -0.06054  2.47154e+00
 70 -0.05867  2.46729e+00 | 71 -0.05699  2.51778e+00 | 72 -0.05564  2.64294e+00
 73 -0.05366  2.79686e+00 | 74 -0.05007  2.92525e+00 | 75 -0.04364  2.94353e+00
 76 -0.03471  2.82552e+00 | 77 -0.02443  2.55932e+00 | 78 -0.01360  2.07960e+00
 79 -0.00617  1.50133e+00 | 80 -0.00049  8.97739e-01 | 81  0.00592 -6.71228e-01
 82  0.15506 -9.92972e+00 | 83  0.14778 -2.86136e+01 | 84 -0.12713  1.05025e+01
 85 -0.11821  1.68137e+01 | 86 -0.07385  1.12245e+01 | 87  0.01218 -2.01640e+01
 88 -0.13324  1.14204e+01 | 89  0.10084 -1.26284e+01 | 90  0.15615 -2.27145e+01
 91  0.00066 -2.32185e+00 | 92  0.08163 -1.82969e+01 | 93  0.14313 -7.77878e+01
 94  0.07771 -2.68219e+01 | 95  0.02139 -1.35751e+01 | 96  0.11335 -4.30456e+01
 97  0.07054 -1.70571e+01 | 98 -0.03527  7.75320e+00 | 99  0.08847 -1.37286e+01
100 -0.00274 -9.57751e+00 |101 -0.04395 -1.37216e+00 |102  0.01195 -1.27606e+00
103  0.08247  7.97996e+00 |104 -0.05795  1.55128e+01 |105 -0.03913  1.20566e+01
106 -0.05664  1.59826e+01 |107 -0.12360  1.71096e+01 |108 -0.16479  1.57532e+01
109 -0.10324  1.47247e+01 |110 -0.02203  1.53173e+01 |111  0.02906  2.23072e+01
112  0.01134  2.67643e+01 |113 -0.04936  2.38109e+01 |114 -0.05923  1.64996e+01
115 -0.05852  1.56914e+01 |116  0.08886  2.29299e+01 |117 -0.12330  1.78235e+01
118  0.05705  2.68357e+01 |119 -0.13400  1.84874e+01 |120  0.18725  4.71092e+01
121 -0.08131  1.71059e+01 |122  0.12343 -2.43912e+01 |123 -0.26292  7.54342e+00
124 -0.19600  1.45298e+01 |125  0.26329  1.59240e+01 |126  0.04821  1.15680e+01
127 -0.54115  2.83777e+00 |128 -0.11195 -1.53382e+01 |129 -0.40685 -1.83781e+00
130 -0.05959 -2.26129e-01 |131 -0.27659  4.53319e+00 |132 -0.27642 -4.05434e-01
133 -0.27810 -3.64435e-01 |134 -0.18890  4.32717e+00 |135  0.35497  1.42282e+00
136 -0.00011  2.29550e-07 |137  0.06929  2.45416e-01 |138 -0.77180 -8.32976e-03
139 -0.49514 -2.89137e-03 |140  0.06267 -5.90360e+01 |141 -0.08032  4.36656e-02
142 -0.08742  4.67522e+01 |143  0.62537  4.72196e-03 |144  0.68848  7.08892e-03
145  0.25840 -7.45590e+01 |146  0.00011 -8.68659e-07 |147 -0.00723  9.86662e+01
148  0.27845  1.30214e+02 |149 -0.00010 -5.10348e-06 |150 -0.01130 -2.44015e+02
151  0.00004  9.82462e-07 |152 -0.01448 -4.89854e+01 |153 -0.05186 -5.10227e+02
154 -0.70617 -1.20818e+01 |155  0.48828  6.72537e+00 |156 -0.59483 -1.94194e+00
157  0.06660 -4.63170e+00 |158 -0.10401 -1.14010e+01 |159  0.04600  9.34876e-01
160 -0.35178 -5.90217e+01 |161  0.09267  3.35566e+01 |162 -0.17267 -1.31547e+02
163  0.00562 -6.30350e+01 |164  0.12179  6.59868e+01 |165 -0.03813 -7.01448e+01
166  0.15417  2.57677e+01 |167  0.12220  3.42220e+01 |168  0.13788  1.81946e+00
169  0.46844  3.83165e+00 |170  0.11316 -2.82263e+01 |171  0.01273 -1.76381e+02
172  0.00795 -1.33145e+00 |173  0.07935 -2.55564e+01 |174  0.05836 -6.60177e+01
175  0.06719 -4.41657e+00 |176 -0.06733  2.74799e+01 |177 -0.09596  1.98759e+01
178 -0.09933  5.47038e+00 |179  0.62929  4.87996e-03 |180  0.62861  4.93839e-03
181  0.62478  4.68248e-03 |182  0.67953  1.58536e-02 |183  0.68385  2.03048e-02
184  0.68483  4.42523e-03 |185  0.10478 -4.60439e+01 |186  0.11619 -3.05915e+00
187  0.77167  4.53235e+01 |188 -0.24071 -5.13129e+01 |
188 variables; iteration 40; function evaluation 44; phase 4
Function value 5.3082615e+04; maximum gradient component mag -4.6325e+02
Var    Value     Gradient |Var    Value     Gradient |Var    Value     Gradient
  1 -0.12990  1.67361e+02 |  2  0.12405  6.30010e+01 |  3 -0.10711  1.15574e+02
  4 -0.40262 -9.08594e+00 |  5 -0.58957 -4.12972e+01 |  6 -0.15832 -6.30192e+00
  7 -0.22229 -6.85373e+01 |  8  0.16162 -2.94016e+01 |  9 -0.45688 -1.96888e+01
 10 -0.53938 -5.32895e+00 | 11 -0.02180 -2.26133e+02 | 12 -0.00274 -1.88868e-02
 13 -0.00301 -1.99848e-02 | 14 -0.00330 -2.10252e-02 | 15 -0.00361 -2.19725e-02
 16 -0.00395 -2.27851e-02 | 17 -0.00432 -2.34149e-02 | 18 -0.00471 -2.38088e-02
 19 -0.00513 -2.39111e-02 | 20 -0.00557 -2.36687e-02 | 21 -0.00603 -2.30355e-02
 22 -0.00652 -2.19674e-02 | 23 -0.00703 -2.03977e-02 | 24 -0.00758 -1.82133e-02
 25 -0.00815 -1.52583e-02 | 26 -0.00876 -1.13636e-02 | 27 -0.00941 -6.30257e-03
 28 -0.01008  2.63049e-03 | 29 -0.01081  1.12484e-02 | 30 -0.01158  2.18705e-02
 31 -0.01240  3.48330e-02 | 32 -0.01327  5.05499e-02 | 33 -0.01419  6.94435e-02
 34 -0.01516  9.20160e-02 | 35 -0.01618  1.18819e-01 | 36 -0.01725  1.50439e-01
 37 -0.01837  1.87564e-01 | 38 -0.01955  2.30897e-01 | 39 -0.02078  2.81171e-01
 40 -0.02206  3.39244e-01 | 41 -0.02339  4.05940e-01 | 42 -0.02478  4.82151e-01
 43 -0.02622  5.68671e-01 | 44 -0.02771  6.66405e-01 | 45 -0.02925  7.76134e-01
 46 -0.03085  8.98662e-01 | 47 -0.03249  1.03471e+00 | 48 -0.03420  1.18506e+00
 49 -0.03598  1.35065e+00 | 50 -0.03785  1.53277e+00 | 51 -0.03982  1.73258e+00
 52 -0.04189  1.94934e+00 | 53 -0.04405  2.18091e+00 | 54 -0.04628  2.42411e+00
 55 -0.04853  2.67511e+00 | 56 -0.05078  2.93394e+00 | 57 -0.05304  3.19959e+00
 58 -0.05527  3.47069e+00 | 59 -0.05744  3.74715e+00 | 60 -0.05959  4.03095e+00
 61 -0.06165  4.32237e+00 | 62 -0.06354  4.62291e+00 | 63 -0.06516  4.93583e+00
 64 -0.06638  5.26531e+00 | 65 -0.06707  5.61657e+00 | 66 -0.06710  5.99827e+00
 67 -0.06638  6.41998e+00 | 68 -0.06489  6.89488e+00 | 69 -0.06274  7.43745e+00
 70 -0.06030  8.06286e+00 | 71 -0.05804  8.78068e+00 | 72 -0.05617  9.57060e+00
 73 -0.05395  1.02600e+01 | 74 -0.05047  1.08281e+01 | 75 -0.04465  1.11302e+01
 76 -0.03714  1.09478e+01 | 77 -0.02955  9.95521e+00 | 78 -0.02298  7.96696e+00
 79 -0.02036  5.31579e+00 | 80 -0.01832  3.53970e+00 | 81 -0.02249  2.19403e+00
 82  0.15745  1.25995e+01 | 83  0.13492 -7.55510e+00 | 84 -0.11937  2.31064e+00
 85 -0.13327  1.73749e+00 | 86 -0.08963 -2.34301e+00 | 87  0.00910 -1.70337e+01
 88 -0.13665  3.37197e+00 | 89  0.09410  5.20087e+00 | 90  0.15079  1.49809e+01
 91 -0.00396 -1.98912e+00 | 92  0.07481 -1.37357e+01 | 93  0.13686 -6.26636e+01
 94  0.07553 -1.78195e+01 | 95  0.02127 -1.59575e+01 | 96  0.10564 -5.70079e+01
 97  0.06911 -2.47423e+01 | 98 -0.04181 -5.22154e+00 | 99  0.08778 -1.38253e+01
100 -0.00259 -1.54959e+01 |101 -0.04571 -1.16236e+01 |102  0.01085 -1.17958e+01
103  0.08127 -2.15758e+00 |104 -0.05379  7.67619e+00 |105 -0.03395  4.10850e+00
106 -0.05652 -4.51643e+00 |107 -0.12286 -3.48146e+00 |108 -0.15957 -1.11818e+00
109 -0.09789 -3.23236e+00 |110 -0.01918 -3.95429e+00 |111  0.03656  1.16042e+01
112  0.01407  1.34969e+01 |113 -0.04640  1.08253e+01 |114 -0.05461  6.35087e+00
115 -0.05458  3.50051e+00 |116  0.09052  4.48291e+00 |117 -0.12122  3.60734e+00
118  0.06133  1.65563e+01 |119 -0.12895  5.65499e+00 |120  0.19042  3.00732e+01
121 -0.07745  3.36802e+00 |122  0.12676 -3.77372e+01 |123 -0.25936 -4.67595e+00
124 -0.19278  1.28084e+00 |125  0.26910  5.38041e+00 |126  0.04829 -4.14663e+00
127 -0.58187 -3.56540e+00 |128 -0.11023 -1.14859e+01 |129 -0.41523 -3.50855e+00
130 -0.04348  1.24875e-01 |131 -0.24468  3.28117e+00 |132 -0.26198  7.81971e-01
133 -0.33581 -1.87671e+00 |134 -0.47611 -1.27822e-01 |135  0.31967 -5.70431e-01
136 -0.00011  1.57925e-07 |137  0.06013 -1.95790e+00 |138 -0.77109 -8.31042e-03
139 -0.49489 -2.92384e-03 |140  0.06312 -5.04279e+01 |141 -0.08386  4.12153e-02
142 -0.08816  3.93878e+01 |143  0.62497  4.71658e-03 |144  0.68786  7.13989e-03
145  0.25695 -7.67236e+01 |146  0.00011 -9.28634e-07 |147 -0.00805  8.60646e+01
148  0.29578  1.10566e+02 |149 -0.00010 -5.23675e-06 |150 -0.00244 -2.05039e+02
151  0.00004  9.99287e-07 |152 -0.01174 -2.60472e+01 |153 -0.05253 -4.63250e+02
154 -0.71224 -1.16720e+01 |155  0.44828  4.48237e-01 |156 -0.56794  2.83459e+00
157  0.08186 -5.82661e+00 |158 -0.10908 -1.95121e+01 |159  0.05008  2.83560e+01
160 -0.35042 -5.50757e+01 |161  0.08410  2.05861e+01 |162 -0.17156 -1.35584e+02
163  0.00559 -3.59940e+01 |164  0.12123  5.20970e+01 |165 -0.03739 -5.92093e+01
166  0.15181  1.74092e+01 |167  0.14133  3.46442e+01 |168  0.22483  6.01389e-01
169  0.41019  3.45455e+00 |170  0.11479 -1.19554e+01 |171  0.01039 -1.30034e+02
172  0.00802 -5.29105e+00 |173  0.07688 -2.49784e+01 |174  0.06008 -3.61590e+01
175  0.06468  1.78817e+00 |176 -0.06978  2.33504e+01 |177 -0.09479  2.30258e+00
178 -0.10454 -3.77046e-01 |179  0.62887  4.88143e-03 |180  0.62819  4.92770e-03
181  0.62438  4.67532e-03 |182  0.67819  1.63384e-02 |183  0.68225  1.97167e-02
184  0.68445  4.38275e-03 |185  0.10606  4.40417e+00 |186  0.11739 -1.40554e+00
187  0.78087  4.17345e+00 |188 -0.23249 -6.88414e+00 |
188 variables; iteration 60; function evaluation 64; phase 4
Function value 5.3077915e+04; maximum gradient component mag 4.2414e+02
Var    Value     Gradient |Var    Value     Gradient |Var    Value     Gradient
  1 -0.13891  9.36274e+01 |  2  0.12090  8.80567e+01 |  3 -0.10213  9.24177e+01
  4 -0.39544  2.80658e+00 |  5 -0.58354  2.29121e+01 |  6 -0.15810  1.74627e+01
  7 -0.22027 -6.91271e+00 |  8  0.16087  1.73946e+00 |  9 -0.44452  3.70063e+00
 10 -0.54302  3.36596e+00 | 11 -0.02194  4.24142e+02 | 12 -0.00318 -6.89199e-02
 13 -0.00348 -7.25501e-02 | 14 -0.00379 -7.58789e-02 | 15 -0.00413 -7.87679e-02
 16 -0.00450 -8.10569e-02 | 17 -0.00489 -8.25663e-02 | 18 -0.00530 -8.31030e-02
 19 -0.00574 -8.24716e-02 | 20 -0.00619 -8.04912e-02 | 21 -0.00666 -7.70029e-02
 22 -0.00715 -7.18363e-02 | 23 -0.00766 -6.47165e-02 | 24 -0.00819 -5.51965e-02
 25 -0.00874 -4.26962e-02 | 26 -0.00932 -2.65977e-02 | 27 -0.00992 -6.16530e-03
 28 -0.01047  2.81566e-02 | 29 -0.01111  6.12733e-02 | 30 -0.01176  1.01342e-01
 31 -0.01244  1.49319e-01 | 32 -0.01314  2.06268e-01 | 33 -0.01385  2.73227e-01
 34 -0.01458  3.51288e-01 | 35 -0.01534  4.41497e-01 | 36 -0.01610  5.44790e-01
 37 -0.01689  6.62011e-01 | 38 -0.01770  7.93729e-01 | 39 -0.01854  9.40142e-01
 40 -0.01942  1.10113e+00 | 41 -0.02034  1.27595e+00 | 42 -0.02131  1.46328e+00
 43 -0.02236  1.66093e+00 | 44 -0.02350  1.86596e+00 | 45 -0.02476  2.07451e+00
 46 -0.02615  2.28191e+00 | 47 -0.02770  2.48265e+00 | 48 -0.02946  2.67062e+00
 49 -0.03144  2.83929e+00 | 50 -0.03371  2.98185e+00 | 51 -0.03629  3.09169e+00
 52 -0.03919  3.16404e+00 | 53 -0.04238  3.19791e+00 | 54 -0.04579  3.19729e+00
 55 -0.04929  3.17536e+00 | 56 -0.05282  3.14600e+00 | 57 -0.05630  3.12482e+00
 58 -0.05964  3.13057e+00 | 59 -0.06273  3.18453e+00 | 60 -0.06557  3.30035e+00
 61 -0.06806  3.49038e+00 | 62 -0.07011  3.75998e+00 | 63 -0.07169  4.10301e+00
 64 -0.07272  4.50372e+00 | 65 -0.07318  4.93862e+00 | 66 -0.07305  5.38483e+00
 67 -0.07229  5.82469e+00 | 68 -0.07093  6.25514e+00 | 69 -0.06908  6.68675e+00
 70 -0.06705  7.14127e+00 | 71 -0.06523  7.64314e+00 | 72 -0.06368  8.21199e+00
 73 -0.06146  8.75048e+00 | 74 -0.05795  9.17551e+00 | 75 -0.05284  9.16359e+00
 76 -0.04700  8.59665e+00 | 77 -0.03988  8.10022e+00 | 78 -0.02778  9.09318e+00
 79 -0.01503  1.13495e+01 | 80 -0.01057  1.22985e+01 | 81 -0.01275  1.18845e+01
 82  0.15385  3.47108e+01 | 83  0.14307  1.66968e+01 | 84 -0.12491 -2.17400e+00
 85 -0.14274 -5.23526e+00 | 86 -0.08645 -2.98437e+00 | 87  0.01206 -7.02422e+00
 88 -0.13521  1.04291e+00 | 89  0.09249  1.05289e+01 | 90  0.14966  3.61666e+01
 91 -0.00186  3.30621e+00 | 92  0.06738 -7.09436e+00 | 93  0.14216 -7.95267e+00
 94  0.06841 -6.93834e+00 | 95  0.01538 -1.27128e+01 | 96  0.10449 -2.36598e+01
 97  0.06697 -2.20002e+00 | 98 -0.04733 -5.84995e+00 | 99  0.07973 -1.10802e+01
100 -0.00432 -1.33921e+01 |101 -0.04555 -1.01185e+01 |102  0.00866 -8.14361e+00
103  0.08177  7.47465e+00 |104 -0.05370  3.16098e+00 |105 -0.03579 -4.57410e+00
106 -0.05546 -1.10588e+01 |107 -0.12379 -1.07933e+01 |108 -0.15875 -6.67776e+00
109 -0.09606 -6.78190e+00 |110 -0.01640 -9.43476e+00 |111  0.03343 -7.15278e+00
112  0.01334 -6.04918e-01 |113 -0.04481  4.44958e+00 |114 -0.05124  2.79943e+00
115 -0.05178 -8.34231e-01 |116  0.09141 -2.59087e+00 |117 -0.11581 -2.19676e+00
118  0.06199  3.02320e+00 |119 -0.12865 -2.81680e+00 |120  0.19183  8.74137e+00
121 -0.07482 -3.50553e+00 |122  0.12953 -2.14835e+01 |123 -0.25515 -7.94460e+00
124 -0.18952 -4.64302e+00 |125  0.27098 -5.10076e-01 |126  0.05935 -5.16143e+00
127 -0.57690 -1.93494e+00 |128 -0.11390  1.30708e+01 |129 -0.41820 -4.34262e+00
130 -0.07679 -5.74051e-01 |131 -0.21337  5.03240e+00 |132 -0.27164 -9.70703e-02
133 -0.16755  6.57246e+00 |134 -0.78862 -1.07021e+00 |135  0.43390 -3.02426e+00
136 -0.00011  2.63729e-07 |137  0.09151  2.89360e+01 |138 -0.76636 -8.01878e-03
139 -0.49323 -2.53847e-03 |140  0.06617 -2.14651e+01 |141 -0.10720  3.76967e-02
142 -0.08976  1.60070e+01 |143  0.62228  4.68073e-03 |144  0.68371  7.42180e-03
145  0.26369 -2.54856e+01 |146  0.00011 -1.05074e-06 |147 -0.00541  2.06239e+01
148  0.28921  6.39833e+01 |149 -0.00009 -5.97340e-06 |150 -0.00296 -1.12208e+02
151  0.00004  1.00669e-06 |152 -0.01024 -1.63412e+01 |153 -0.04997 -2.52808e+02
154 -0.69681 -6.02344e+00 |155  0.59619  5.40332e+00 |156 -0.55768  8.22993e-01
157  0.10004  1.55099e+00 |158 -0.11327 -1.79726e+01 |159  0.04734  1.75022e+00
160 -0.32879 -4.31207e+01 |161  0.08041  1.33727e+01 |162 -0.17279 -1.21969e+02
163  0.00537 -2.94171e+01 |164  0.12148 -1.49450e+01 |165 -0.03538  1.23614e+01
166  0.13396  2.83312e+00 |167  0.14643  1.22711e+01 |168  0.78904 -3.01983e-01
169 -0.10928  1.05478e+00 |170  0.14701  7.04320e+00 |171  0.01103 -2.12353e+01
172  0.00182 -2.22341e+01 |173  0.07886 -3.30388e-01 |174  0.06302  3.22941e+01
175  0.06694  5.71627e+00 |176 -0.06951 -1.23543e-01 |177 -0.09214 -3.17135e+01
178 -0.10343 -3.06334e+00 |179  0.62609  4.88469e-03 |180  0.62539  4.97628e-03
181  0.62171  4.62858e-03 |182  0.66901  1.92281e-02 |183  0.67111  2.50155e-02
184  0.68196  4.10804e-03 |185  0.10488  2.13393e+01 |186  0.11725 -1.56003e+00
187  0.78073 -1.45490e+01 |188 -0.23334  1.61312e+01 |
188 variables; iteration 80; function evaluation 84; phase 4
Function value 5.3074212e+04; maximum gradient component mag -2.3596e+02
Var    Value     Gradient |Var    Value     Gradient |Var    Value     Gradient
  1 -0.14770 -9.21679e+00 |  2  0.12240  2.85537e+01 |  3 -0.10012 -2.15624e+00
  4 -0.38988 -3.16248e+00 |  5 -0.58224  4.81032e+01 |  6 -0.15839  1.22206e+01
  7 -0.21788 -1.32350e+00 |  8  0.16114  1.08905e+01 |  9 -0.44870 -1.73887e+00
 10 -0.54403 -8.01344e+00 | 11 -0.02260 -2.35961e+02 | 12 -0.00241 -2.27794e-02
 13 -0.00265 -2.45420e-02 | 14 -0.00291 -2.63227e-02 | 15 -0.00319 -2.80837e-02
 16 -0.00349 -2.97759e-02 | 17 -0.00381 -3.13390e-02 | 18 -0.00416 -3.27011e-02
 19 -0.00453 -3.37824e-02 | 20 -0.00492 -3.44996e-02 | 21 -0.00533 -3.47703e-02
 22 -0.00576 -3.45026e-02 | 23 -0.00621 -3.35593e-02 | 24 -0.00668 -3.17235e-02
 25 -0.00718 -2.86988e-02 | 26 -0.00771 -2.41355e-02 | 27 -0.00827 -1.75980e-02
 28 -0.00883 -5.55289e-03 | 29 -0.00945  7.21748e-03 | 30 -0.01009  2.37694e-02
 31 -0.01076  4.48220e-02 | 32 -0.01146  7.11609e-02 | 33 -0.01219  1.03579e-01
 34 -0.01295  1.42850e-01 | 35 -0.01373  1.89642e-01 | 36 -0.01455  2.44407e-01
 37 -0.01540  3.07277e-01 | 38 -0.01630  3.77872e-01 | 39 -0.01724  4.55113e-01
 40 -0.01826  5.37066e-01 | 41 -0.01936  6.20729e-01 | 42 -0.02057  7.01899e-01
 43 -0.02192  7.75113e-01 | 44 -0.02345  8.33725e-01 | 45 -0.02518  8.70194e-01
 46 -0.02716  8.76544e-01 | 47 -0.02942  8.45154e-01 | 48 -0.03198  7.69643e-01
 49 -0.03487  6.46092e-01 | 50 -0.03810  4.74425e-01 | 51 -0.04164  2.60965e-01
 52 -0.04540  2.24075e-02 | 53 -0.04926 -2.17233e-01 | 54 -0.05305 -4.29609e-01
 55 -0.05659 -5.84120e-01 | 56 -0.05979 -6.61627e-01 | 57 -0.06263 -6.54299e-01
 58 -0.06510 -5.66986e-01 | 59 -0.06723 -4.14267e-01 | 60 -0.06918 -2.21610e-01
 61 -0.07100 -2.41515e-02 | 62 -0.07274  1.45995e-01 | 63 -0.07438  2.68800e-01
 64 -0.07577  3.43423e-01 | 65 -0.07672  3.87161e-01 | 66 -0.07700  4.28368e-01
 67 -0.07642  4.88442e-01 | 68 -0.07497  5.67309e-01 | 69 -0.07289  6.33472e-01
 70 -0.07078  6.30476e-01 | 71 -0.06942  4.95873e-01 | 72 -0.06920  1.74380e-01
 73 -0.06901 -3.34664e-01 | 74 -0.06690 -8.16777e-01 | 75 -0.06006 -9.42692e-01
 76 -0.04947 -8.72809e-01 | 77 -0.03928 -1.17605e+00 | 78 -0.02875 -1.25990e+00
 79 -0.01652  3.57722e-01 | 80 -0.00752  2.69189e+00 | 81 -0.00723  3.90093e+00
 82  0.15272  1.57361e+01 | 83  0.15235  9.30161e+00 | 84 -0.12246  4.45703e+00
 85 -0.12365  6.70809e+00 | 86 -0.09419  2.29710e+00 | 87  0.02319  1.01906e+01
 88 -0.14653  2.71848e+00 | 89  0.09399 -6.12673e-01 | 90  0.14668 -1.83256e+00
 91 -0.00081  3.38896e+00 | 92  0.06754 -7.14474e+00 | 93  0.14274 -1.34940e+01
 94  0.06486 -1.33652e+01 | 95  0.01557 -1.02015e+01 | 96  0.10505 -2.73656e+01
 97  0.05954 -2.40516e+01 | 98 -0.04868 -8.56035e+00 | 99  0.07437 -2.79509e+01
100 -0.00279 -1.13856e+01 |101 -0.04455 -4.60122e+00 |102  0.01055 -6.63901e+00
103  0.08006 -8.79811e+00 |104 -0.05722  2.06150e+00 |105 -0.02930  9.45436e+00
106 -0.05228  3.97562e+00 |107 -0.11598  3.72495e+00 |108 -0.15946  1.69803e+00
109 -0.09780  2.74654e+00 |110 -0.00953  1.12140e+01 |111  0.03628  1.17972e+01
112  0.01223  2.35038e-01 |113 -0.05432  1.26918e+00 |114 -0.04544  1.58386e+01
115 -0.04828  1.23949e+01 |116  0.09080  5.74392e+00 |117 -0.12014  2.03422e+00
118  0.05930  2.55249e-01 |119 -0.12513  3.38246e+00 |120  0.19039  9.48638e+00
121 -0.07807  2.67067e+00 |122  0.12959  9.99419e+00 |123 -0.25456  2.48995e+00
124 -0.19184  1.36337e+00 |125  0.26504 -1.07055e+01 |126  0.05105  1.34921e+00
127 -0.56765  2.94291e-01 |128 -0.10422  2.52765e+01 |129 -0.41151 -1.93470e+00
130 -0.02099  6.61281e-01 |131 -0.25478 -2.75410e+00 |132 -0.25012  1.74104e+00
133 -0.34556 -5.77678e-01 |134 -0.51187 -8.10911e-01 |135  0.33015 -4.98625e+00
136 -0.00011  1.48242e-07 |137  0.06251  8.32353e+00 |138 -0.75940 -7.83636e-03
139 -0.49081 -2.79552e-03 |140  0.06694  7.91697e-01 |141 -0.14039  3.00701e-02
142 -0.09037 -8.04061e-01 |143  0.61829  4.63301e-03 |144  0.67742  8.05118e-03
145  0.26448 -5.88046e+00 |146  0.00011 -1.03627e-06 |147 -0.00453  4.55370e+00
148  0.26298  6.18123e+00 |149 -0.00009 -6.52843e-06 |150 -0.01242 -2.08441e+01
151  0.00004  9.20400e-07 |152 -0.01129 -1.33918e+01 |153 -0.04798 -6.40817e+01
154 -0.70026  1.26093e+00 |155  0.48739  1.67454e+00 |156 -0.59630 -2.21563e+00
157  0.06841  1.20895e+00 |158 -0.10156  2.86206e+00 |159  0.04661  2.59423e+00
160 -0.30575 -3.38672e+01 |161  0.05605 -2.17516e+00 |162 -0.17018 -1.08481e+02
163  0.00024 -4.72174e+01 |164  0.12401 -5.06344e+01 |165 -0.03254  6.26998e+01
166  0.12272 -1.81976e+00 |167  0.13024  8.32640e+00 |168  1.03401  2.74153e-02
169 -0.11317  1.05166e+00 |170  0.16371  1.12671e+01 |171  0.01710 -6.68101e+01
172  0.00287 -1.86474e+01 |173  0.07806  1.44089e+01 |174  0.06306  5.72658e+01
175  0.06107 -4.09904e+00 |176 -0.07084 -1.66241e+01 |177 -0.09217 -4.96667e+01
178 -0.10695  2.86912e+00 |179  0.62195  4.89949e-03 |180  0.62118  5.09972e-03
181  0.61777  4.55974e-03 |182  0.65406  2.38901e-02 |183  0.65194  3.55841e-02
184  0.67837  3.70909e-03 |185  0.10395 -2.01532e+01 |186  0.10918 -1.32006e+01
187  0.78436 -2.37505e+01 |188 -0.23195  2.81688e+01 |
Maximum number of function evaluations exceeded

 - final statistics:
188 variables; iteration 97; function evaluation 100
Function value 5.3073e+04; maximum gradient component mag -5.1582e+02
Exit code = 3;  converg criter 1.0000e+00
Var    Value     Gradient |Var    Value     Gradient |Var    Value     Gradient
  1 -0.14939 -3.07668e+01 |  2  0.12057 -2.36595e+01 |  3 -0.09889 -3.79002e+01
  4 -0.38714 -4.70194e+00 |  5 -0.58196  1.91033e+01 |  6 -0.15669 -4.09374e+00
  7 -0.21434 -1.10911e+01 |  8  0.15263 -8.09404e+00 |  9 -0.44755 -2.05345e+00
 10 -0.54690 -8.74202e+00 | 11 -0.02220 -5.15818e+02 | 12 -0.00338 -2.27885e-01
 13 -0.00364 -2.37939e-01 | 14 -0.00391 -2.46511e-01 | 15 -0.00419 -2.53089e-01
 16 -0.00447 -2.57101e-01 | 17 -0.00476 -2.57928e-01 | 18 -0.00505 -2.54936e-01
 19 -0.00533 -2.47513e-01 | 20 -0.00561 -2.35124e-01 | 21 -0.00588 -2.17323e-01
 22 -0.00614 -1.93642e-01 | 23 -0.00638 -1.63345e-01 | 24 -0.00660 -1.25335e-01
 25 -0.00681 -7.84060e-02 | 26 -0.00699 -2.16090e-02 | 27 -0.00716  4.57783e-02
 28 -0.00717  1.48517e-01 | 29 -0.00729  2.40126e-01 | 30 -0.00742  3.40305e-01
 31 -0.00757  4.46351e-01 | 32 -0.00778  5.54149e-01 | 33 -0.00807  6.57903e-01
 34 -0.00849  7.49995e-01 | 35 -0.00909  8.20991e-01 | 36 -0.00994  8.59956e-01
 37 -0.01109  8.55017e-01 | 38 -0.01259  7.94605e-01 | 39 -0.01451  6.69062e-01
 40 -0.01685  4.72465e-01 | 41 -0.01962  2.05342e-01 | 42 -0.02275 -1.23246e-01
 43 -0.02614 -4.93584e-01 | 44 -0.02964 -8.74876e-01 | 45 -0.03304 -1.22592e+00
 46 -0.03613 -1.49873e+00 | 47 -0.03867 -1.64453e+00 | 48 -0.04050 -1.62259e+00
 49 -0.04156 -1.41124e+00 | 50 -0.04196 -1.02021e+00 | 51 -0.04199 -5.04058e-01
 52 -0.04217  2.96810e-02 | 53 -0.04303  4.49471e-01 | 54 -0.04501  6.42102e-01
 55 -0.04820  5.53731e-01 | 56 -0.05243  2.08876e-01 | 57 -0.05734 -3.14157e-01
 58 -0.06241 -9.02748e-01 | 59 -0.06717 -1.44953e+00 | 60 -0.07136 -1.87892e+00
 61 -0.07473 -2.14126e+00 | 62 -0.07722 -2.24111e+00 | 63 -0.07896 -2.23015e+00
 64 -0.08008 -2.17709e+00 | 65 -0.08066 -2.13688e+00 | 66 -0.08067 -2.14015e+00
 67 -0.08010 -2.21138e+00 | 68 -0.07904 -2.37894e+00 | 69 -0.07771 -2.65162e+00
 70 -0.07627 -2.95378e+00 | 71 -0.07460 -3.11201e+00 | 72 -0.07216 -2.93850e+00
 73 -0.06741 -2.33019e+00 | 74 -0.06062 -1.70188e+00 | 75 -0.05616 -2.47083e+00
 76 -0.05438 -4.40598e+00 | 77 -0.03721 -3.42500e+00 | 78 -0.02040 -2.79787e+00
 79 -0.01749 -3.61986e+00 | 80 -0.01254 -2.78059e+00 | 81 -0.01108 -1.07880e+00
 82  0.15830  5.57278e+00 | 83  0.14870 -3.25186e+00 | 84 -0.11878  6.71796e+00
 85 -0.12656  8.26883e+00 | 86 -0.08440  7.60451e+00 | 87  0.02075  4.94448e+00
 88 -0.14878  2.90347e+00 | 89  0.09431 -1.12209e+01 | 90  0.14551 -2.78988e+01
 91 -0.00430 -5.55157e+00 | 92  0.06751 -1.60519e+01 | 93  0.14170 -2.72122e+01
 94  0.06335 -1.53663e+01 | 95  0.01673 -4.09298e+00 | 96  0.10516 -1.42352e+01
 97  0.06134 -9.16385e+00 | 98 -0.04839 -1.23298e+00 | 99  0.07494 -1.38221e+01
100 -0.00193 -1.10889e+00 |101 -0.04361  2.31352e+00 |102  0.00877 -2.62946e+00
103  0.07939 -5.83729e+00 |104 -0.05932  1.59208e+00 |105 -0.03435  4.39721e+00
106 -0.05059  9.77049e+00 |107 -0.11624  9.86912e+00 |108 -0.15573  8.85150e+00
109 -0.09324  9.39030e+00 |110 -0.01318  9.26432e+00 |111  0.03442  1.07320e+01
112  0.01615  1.07761e+01 |113 -0.04957  6.11091e+00 |114 -0.05516  2.51116e+00
115 -0.05479  4.24299e+00 |116  0.09411  1.03764e+01 |117 -0.12517  5.06813e+00
118  0.06307  1.16850e+01 |119 -0.12599  6.41723e+00 |120  0.19141  9.90110e+00
121 -0.07462  7.16407e+00 |122  0.12887  9.49570e+00 |123 -0.25898  4.34181e+00
124 -0.18775  6.65579e+00 |125  0.26647  1.29877e+00 |126  0.05345  7.30671e+00
127 -0.56666  9.40445e-01 |128 -0.10567  8.59967e+00 |129 -0.40752 -6.65587e-01
130  0.01094  1.35779e+00 |131 -0.25406 -5.91727e-01 |132 -0.27418 -2.02656e-01
133 -0.33260 -7.93919e-01 |134 -0.46175 -1.58092e-01 |135  0.35798  6.40628e-01
136 -0.00011  1.43312e-07 |137  0.06876 -3.90675e+00 |138 -0.74986 -7.45583e-03
139 -0.48748 -2.62520e-03 |140  0.06863  7.71770e+00 |141 -0.17874  2.31658e-02
142 -0.08975 -5.69701e+00 |143  0.61266  4.55942e-03 |144  0.66778  8.39619e-03
145  0.26470 -2.87451e+00 |146  0.00011 -1.04846e-06 |147 -0.00437  4.00729e+00
148  0.26629 -1.18821e+01 |149 -0.00008 -6.34000e-06 |150 -0.00937  2.24138e+01
151  0.00004  7.66762e-07 |152 -0.01107 -4.45184e+00 |153 -0.04730 -4.73663e+00
154 -0.70252  1.09874e+00 |155  0.47516 -6.93271e-01 |156 -0.58385 -4.90464e-01
157  0.07343  6.90705e-01 |158 -0.10418  2.63865e+00 |159  0.04562 -3.89577e+00
160 -0.27286 -2.40852e+01 |161  0.06608  8.38222e+00 |162 -0.16927 -7.26330e+01
163  0.00368 -3.10215e+01 |164  0.12336 -7.82871e+00 |165 -0.03609  5.47821e+00
166  0.10142  6.32652e+00 |167  0.14012  1.60903e+01 |168  0.77093  5.48388e-02
169 -0.16467  1.37570e+00 |170  0.13843 -3.65837e+00 |171  0.01604 -6.32792e+01
172  0.00342 -1.03109e+01 |173  0.07620  1.83405e-01 |174  0.06305  1.85980e+01
175  0.06443 -2.15369e+00 |176 -0.07107 -3.33926e+00 |177 -0.09103 -1.15765e+01
178 -0.10288  2.83115e+00 |179  0.61601  4.93114e-03 |180  0.61499  5.38141e-03
181  0.61222  4.47062e-03 |182  0.62585  3.15977e-02 |183  0.60928  5.88824e-02
184  0.67374  3.45030e-03 |185  0.10376 -3.64705e+01 |186  0.11719 -1.63893e+00
187  0.78646 -1.08125e+01 |188 -0.22919  1.24562e+01 |

Initial statistics: 191 variables; iteration 0; function evaluation 0; phase 5
Function value 5.3072602e+04; maximum gradient component mag -5.1582e+02
Var    Value     Gradient |Var    Value     Gradient |Var    Value     Gradient
  1 -0.24768  1.59246e+02 |  2 -0.14939 -3.07668e+01 |  3  0.12057 -2.36595e+01
  4 -0.09889 -3.79002e+01 |  5 -0.38714 -4.70194e+00 |  6 -0.58196  1.91033e+01
  7 -0.24768 -4.05658e+02 |  8 -0.15669 -4.09374e+00 |  9 -0.21434 -1.10911e+01
 10  0.15263 -8.09404e+00 | 11 -0.44755 -2.05345e+00 | 12 -0.54690 -8.74202e+00
 13 -0.02220 -5.15818e+02 | 14 -0.00338 -2.27885e-01 | 15 -0.00364 -2.37939e-01
 16 -0.00391 -2.46511e-01 | 17 -0.00419 -2.53089e-01 | 18 -0.00447 -2.57101e-01
 19 -0.00476 -2.57928e-01 | 20 -0.00505 -2.54936e-01 | 21 -0.00533 -2.47513e-01
 22 -0.00561 -2.35124e-01 | 23 -0.00588 -2.17323e-01 | 24 -0.00614 -1.93642e-01
 25 -0.00638 -1.63345e-01 | 26 -0.00660 -1.25335e-01 | 27 -0.00681 -7.84060e-02
 28 -0.00699 -2.16090e-02 | 29 -0.00716  4.57783e-02 | 30 -0.00717  1.48517e-01
 31 -0.00729  2.40126e-01 | 32 -0.00742  3.40305e-01 | 33 -0.00757  4.46351e-01
 34 -0.00778  5.54149e-01 | 35 -0.00807  6.57903e-01 | 36 -0.00849  7.49995e-01
 37 -0.00909  8.20991e-01 | 38 -0.00994  8.59956e-01 | 39 -0.01109  8.55017e-01
 40 -0.01259  7.94605e-01 | 41 -0.01451  6.69062e-01 | 42 -0.01685  4.72465e-01
 43 -0.01962  2.05342e-01 | 44 -0.02275 -1.23246e-01 | 45 -0.02614 -4.93584e-01
 46 -0.02964 -8.74876e-01 | 47 -0.03304 -1.22592e+00 | 48 -0.03613 -1.49873e+00
 49 -0.03867 -1.64453e+00 | 50 -0.04050 -1.62259e+00 | 51 -0.04156 -1.41124e+00
 52 -0.04196 -1.02021e+00 | 53 -0.04199 -5.04058e-01 | 54 -0.04217  2.96810e-02
 55 -0.04303  4.49471e-01 | 56 -0.04501  6.42102e-01 | 57 -0.04820  5.53731e-01
 58 -0.05243  2.08876e-01 | 59 -0.05734 -3.14157e-01 | 60 -0.06241 -9.02748e-01
 61 -0.06717 -1.44953e+00 | 62 -0.07136 -1.87892e+00 | 63 -0.07473 -2.14126e+00
 64 -0.07722 -2.24111e+00 | 65 -0.07896 -2.23015e+00 | 66 -0.08008 -2.17709e+00
 67 -0.08066 -2.13688e+00 | 68 -0.08067 -2.14015e+00 | 69 -0.08010 -2.21138e+00
 70 -0.07904 -2.37894e+00 | 71 -0.07771 -2.65162e+00 | 72 -0.07627 -2.95378e+00
 73 -0.07460 -3.11201e+00 | 74 -0.07216 -2.93850e+00 | 75 -0.06741 -2.33019e+00
 76 -0.06062 -1.70188e+00 | 77 -0.05616 -2.47083e+00 | 78 -0.05438 -4.40598e+00
 79 -0.03721 -3.42500e+00 | 80 -0.02040 -2.79787e+00 | 81 -0.01749 -3.61986e+00
 82 -0.01254 -2.78059e+00 | 83 -0.01108 -1.07880e+00 | 84  0.15826  4.54158e+00
 85  0.14866 -4.28704e+00 | 86 -0.11882  5.67236e+00 | 87 -0.12660  7.22569e+00
 88 -0.08443  6.54979e+00 | 89  0.02071  3.88105e+00 | 90 -0.14882  1.86836e+00
 91  0.09427 -1.22734e+01 | 92  0.14547 -2.89356e+01 | 93 -0.00433 -6.61555e+00
 94  0.06747 -1.71101e+01 | 95  0.14166 -2.82503e+01 | 96  0.06331 -1.64252e+01
 97  0.01669 -5.15662e+00 | 98  0.10512 -1.52849e+01 | 99  0.06130 -1.02230e+01
100 -0.04843 -2.29390e+00 |101  0.07490 -1.48788e+01 |102 -0.00197 -2.17289e+00
103 -0.04365  1.25201e+00 |104  0.00874 -3.69337e+00 |105  0.07935 -6.89309e+00
106 -0.05936  5.32694e-01 |107 -0.03439  3.33475e+00 |108 -0.05063  8.70980e+00
109 -0.11628  8.82270e+00 |110 -0.15577  7.81905e+00 |111 -0.09328  8.33762e+00
112 -0.01322  8.20053e+00 |113  0.03439  9.66959e+00 |114  0.01611  9.71246e+00
115 -0.04961  5.05011e+00 |116 -0.05520  1.45114e+00 |117 -0.05483  3.18291e+00
118  0.09407  9.32412e+00 |119 -0.12521  4.02458e+00 |120  0.06303  1.06263e+01
121 -0.12603  5.37393e+00 |122  0.19137  8.88500e+00 |123 -0.07466  6.10732e+00
124  0.12883  8.45353e+00 |125 -0.25902  3.36454e+00 |126 -0.18779  5.63761e+00
127  0.26643  3.26633e-01 |128  0.05341  6.24649e+00 |129 -0.56666  9.40445e-01
130 -0.10567  8.59967e+00 |131 -0.40752 -6.65587e-01 |132  0.01094  1.35779e+00
133 -0.25406 -5.91727e-01 |134 -0.27418 -2.02656e-01 |135 -0.33260 -7.93919e-01
136 -0.46175 -1.58092e-01 |137  0.35798  6.40628e-01 |138 -0.00011  1.43312e-07
139  0.06876 -3.90675e+00 |140 -0.74986 -7.45583e-03 |141 -0.48748 -2.62520e-03
142  0.06863  7.71770e+00 |143 -0.17874  2.31658e-02 |144 -0.08975 -5.69701e+00
145  0.61266  4.55942e-03 |146  0.66778  8.39619e-03 |147  0.26470 -2.87451e+00
148  0.00011 -1.04846e-06 |149 -0.00437  4.00729e+00 |150  0.26629 -1.18821e+01
151 -0.00008 -6.34000e-06 |152 -0.00937  2.24138e+01 |153 -0.25350  1.14203e+02
154  0.00004  7.66762e-07 |155 -0.01107 -4.45184e+00 |156 -0.04730 -4.73663e+00
157 -0.70252  1.09874e+00 |158  0.47516 -6.93271e-01 |159 -0.58385 -4.90464e-01
160  0.07343  6.90705e-01 |161 -0.10418  2.63865e+00 |162  0.04562 -3.89577e+00
163 -0.27286 -2.40852e+01 |164  0.06608  8.38222e+00 |165 -0.16927 -7.26330e+01
166  0.00368 -3.10215e+01 |167  0.12336 -7.82871e+00 |168 -0.03609  5.47821e+00
169  0.10142  6.32652e+00 |170  0.14012  1.60903e+01 |171  0.77093  5.48388e-02
172 -0.16467  1.37570e+00 |173  0.13843 -3.65837e+00 |174  0.01604 -6.32792e+01
175  0.00342 -1.03109e+01 |176  0.07620  1.83405e-01 |177  0.06305  1.85980e+01
178  0.06443 -2.15369e+00 |179 -0.07107 -3.33926e+00 |180 -0.09103 -1.15765e+01
181 -0.10288  2.83115e+00 |182  0.61601  4.93114e-03 |183  0.61499  5.38141e-03
184  0.61222  4.47062e-03 |185  0.62585  3.15977e-02 |186  0.60928  5.88824e-02
187  0.67374  3.45030e-03 |188  0.10376 -3.64705e+01 |189  0.11719 -1.63893e+00
190  0.78646 -1.08125e+01 |191 -0.22919  1.24562e+01 |

Intermediate statistics: 191 variables; iteration 20; function evaluation 25; phase 5
Function value 5.3024791e+04; maximum gradient component mag -1.4665e+03
Var    Value     Gradient |Var    Value     Gradient |Var    Value     Gradient
  1 -0.08531  2.55195e+02 |  2 -0.14900  1.25289e+01 |  3  0.12541 -1.60617e+02
  4 -0.10912 -1.04277e+02 |  5 -0.37953 -8.71540e-01 |  6 -0.58774  1.81879e+00
  7 -0.06881 -1.21033e+02 |  8 -0.15855  9.72249e+01 |  9 -0.19653  2.45327e+02
 10  0.13984  9.42088e+01 | 11 -0.43586  1.25820e+01 | 12 -0.55270  5.96399e+01
 13  0.01167 -1.46655e+03 | 14 -0.00223 -3.45725e-01 | 15 -0.00243 -3.74272e-01
 16 -0.00264 -4.04480e-01 | 17 -0.00286 -4.36316e-01 | 18 -0.00309 -4.69726e-01
 19 -0.00334 -5.04622e-01 | 20 -0.00361 -5.40886e-01 | 21 -0.00388 -5.78363e-01
 22 -0.00417 -6.16869e-01 | 23 -0.00447 -6.56213e-01 | 24 -0.00477 -6.96285e-01
 25 -0.00509 -7.37143e-01 | 26 -0.00542 -7.78995e-01 | 27 -0.00576 -8.22077e-01
 28 -0.00613 -8.66581e-01 | 29 -0.00651 -9.12756e-01 | 30 -0.00688 -9.54627e-01
 31 -0.00730 -1.00422e+00 | 32 -0.00776 -1.05671e+00 | 33 -0.00826 -1.11288e+00
 34 -0.00880 -1.17372e+00 | 35 -0.00939 -1.24034e+00 | 36 -0.01004 -1.31399e+00
 37 -0.01077 -1.39598e+00 | 38 -0.01157 -1.48747e+00 | 39 -0.01246 -1.58943e+00
 40 -0.01344 -1.70229e+00 | 41 -0.01451 -1.82578e+00 | 42 -0.01567 -1.95891e+00
 43 -0.01691 -2.09962e+00 | 44 -0.01822 -2.24489e+00 | 45 -0.01957 -2.39068e+00
 46 -0.02094 -2.53256e+00 | 47 -0.02232 -2.66584e+00 | 48 -0.02367 -2.78629e+00
 49 -0.02500 -2.89107e+00 | 50 -0.02631 -2.97979e+00 | 51 -0.02762 -3.05560e+00
 52 -0.02898 -3.12519e+00 | 53 -0.03046 -3.19707e+00 | 54 -0.03208 -3.27613e+00
 55 -0.03383 -3.35940e+00 | 56 -0.03564 -3.43624e+00 | 57 -0.03743 -3.49551e+00
 58 -0.03913 -3.52657e+00 | 59 -0.04072 -3.52449e+00 | 60 -0.04218 -3.48923e+00
 61 -0.04349 -3.42531e+00 | 62 -0.04468 -3.33412e+00 | 63 -0.04571 -3.21861e+00
 64 -0.04652 -3.07998e+00 | 65 -0.04699 -2.91498e+00 | 66 -0.04692 -2.71265e+00
 67 -0.04611 -2.45702e+00 | 68 -0.04428 -2.12530e+00 | 69 -0.04120 -1.68919e+00
 70 -0.03672 -1.11212e+00 | 71 -0.03100 -3.58690e-01 | 72 -0.02487  5.87524e-01
 73 -0.01978  1.70751e+00 | 74 -0.01709  2.93136e+00 | 75 -0.01667  4.07766e+00
 76 -0.01573  5.30599e+00 | 77 -0.00936  7.30571e+00 | 78  0.00193  1.00302e+01
 79  0.00977  1.15007e+01 | 80  0.01788  1.19840e+01 | 81  0.02137  9.49667e+00
 82  0.01408  3.24891e-01 | 83 -0.00400 -1.40760e+01 | 84  0.08092 -2.29768e+01
 85  0.17177 -1.38623e+01 | 86 -0.10608  2.47273e+01 | 87 -0.13613  1.99158e+01
 88 -0.08984  1.78501e+01 | 89 -0.01179 -1.13202e+00 | 90 -0.12972  2.25699e+01
 91  0.07591 -1.78891e+01 | 92  0.13017 -6.72693e+01 | 93 -0.02128 -2.21350e+01
 94  0.05452 -4.43666e+01 | 95  0.12774 -8.96769e+01 | 96  0.04758 -5.97140e+01
 97 -0.00533 -3.57624e+01 | 98  0.09603 -6.65303e+01 | 99  0.04413 -5.45775e+01
100 -0.04302 -7.41462e+00 |101  0.06528 -4.99236e+01 |102 -0.00498 -1.58345e+01
103 -0.04866 -3.85092e+00 |104  0.01043 -7.37177e+00 |105  0.08859 -2.55061e+00
106 -0.03562  1.70124e+01 |107 -0.01664  4.18018e+00 |108 -0.03555  4.77536e-01
109 -0.08236  1.79638e+01 |110 -0.11545  2.19527e+01 |111 -0.06495  1.48984e+01
112 -0.00141  3.10485e+00 |113  0.05011  1.74134e+01 |114  0.02641  2.88570e+01
115 -0.04348  2.68836e+01 |116 -0.05483  2.87874e+01 |117 -0.04853  2.76464e+01
118  0.09129  3.11577e+01 |119 -0.11175  2.51161e+01 |120  0.06472  4.33489e+01
121 -0.11732  2.50203e+01 |122  0.18858  2.99247e+01 |123 -0.07337  1.91721e+01
124  0.13540  3.40497e+01 |125 -0.25048  1.54335e+01 |126 -0.22930  2.27586e+01
127  0.25499  3.87549e+01 |128  0.07348  1.22788e+01 |129 -0.61617 -1.72602e+00
130 -0.11671  2.99601e+01 |131 -0.41760 -1.29738e-01 |132  0.00338  1.10793e+00
133 -0.30663 -9.51267e-01 |134 -0.27394  1.11676e-01 |135 -0.34324  1.46836e+00
136 -0.47593  8.76738e-01 |137  0.35491 -6.91100e+00 |138 -0.00011 -5.97652e-07
139  0.06531  1.89735e+01 |140 -0.74981 -7.44662e-03 |141 -0.48746 -2.60513e-03
142  0.07128  3.70726e+00 |143 -0.17887  2.13406e-02 |144 -0.09040 -4.86929e+00
145  0.61263  4.54534e-03 |146  0.66773  7.60812e-03 |147  0.26580 -1.22575e+02
148  0.00011 -1.14219e-06 |149 -0.00622  1.96905e+02 |150  0.28443  5.11502e+01
151 -0.00008 -5.04373e-06 |152 -0.00474 -7.51872e+01 |153 -0.44130  4.63771e+00
154  0.00004  3.97457e-07 |155 -0.26049  2.29398e+00 |156 -0.06009 -7.79985e+01
157 -0.68356  1.46395e+00 |158  0.49633 -3.14797e+00 |159 -0.55081 -9.75355e-01
160  0.07405  3.03972e+00 |161 -0.11472  7.66804e+00 |162  0.04646 -1.88622e+01
163 -0.17340 -9.71002e+00 |164  0.03033 -9.04940e+00 |165 -0.16469 -7.09169e+00
166  0.01294 -3.26945e+00 |167  0.13073 -1.68932e+02 |168 -0.03105  1.97259e+02
169  0.08290  2.70602e+00 |170  0.12452  4.14478e+00 |171  0.77211  7.95498e-02
172 -0.16120  1.23007e+00 |173  0.13618 -6.29470e+00 |174  0.00195 -3.06600e+02
175  0.00280 -3.39656e+01 |176  0.08212 -3.67996e+01 |177  0.06848  1.43423e+02
178  0.06791 -5.51545e+00 |179 -0.06649  3.59809e+01 |180 -0.09245 -1.23764e+02
181 -0.10460  2.87927e+00 |182  0.61597  4.88755e-03 |183  0.61496  5.26670e-03
184  0.61219  4.46737e-03 |185  0.62566  2.86308e-02 |186  0.60895  5.14421e-02
187  0.67372  3.27748e-03 |188  0.10259 -1.09823e+02 |189  0.11760 -1.70287e+00
190  0.76584 -4.13058e+00 |191 -0.27486  5.85388e-01 |
191 variables; iteration 40; function evaluation 45; phase 5
Function value 5.3022559e+04; maximum gradient component mag -1.2281e+03
Var    Value     Gradient |Var    Value     Gradient |Var    Value     Gradient
  1 -0.08742  2.13658e+02 |  2 -0.14952  1.80068e+00 |  3  0.12831 -1.16439e+02
  4 -0.11133 -1.08743e+02 |  5 -0.37577  3.65464e+00 |  6 -0.59200  4.67473e+01
  7 -0.06902 -1.29544e+02 |  8 -0.16103  8.50269e+01 |  9 -0.19854  2.38559e+02
 10  0.14728  9.38783e+01 | 11 -0.43930  4.53622e+00 | 12 -0.55179  5.33760e+01
 13  0.01064 -1.22807e+03 | 14 -0.00170 -2.49512e-01 | 15 -0.00186 -2.70469e-01
 16 -0.00203 -2.92814e-01 | 17 -0.00221 -3.16573e-01 | 18 -0.00240 -3.41760e-01
 19 -0.00261 -3.68372e-01 | 20 -0.00283 -3.96384e-01 | 21 -0.00307 -4.25743e-01
 22 -0.00332 -4.56366e-01 | 23 -0.00358 -4.88165e-01 | 24 -0.00386 -5.21112e-01
 25 -0.00415 -5.55336e-01 | 26 -0.00445 -5.91099e-01 | 27 -0.00478 -6.28684e-01
 28 -0.00513 -6.68301e-01 | 29 -0.00550 -7.10157e-01 | 30 -0.00590 -7.53118e-01
 31 -0.00633 -7.99709e-01 | 32 -0.00679 -8.48948e-01 | 33 -0.00728 -9.00954e-01
 34 -0.00781 -9.55816e-01 | 35 -0.00838 -1.01346e+00 | 36 -0.00899 -1.07372e+00
 37 -0.00964 -1.13618e+00 | 38 -0.01032 -1.20017e+00 | 39 -0.01104 -1.26478e+00
 40 -0.01178 -1.32875e+00 | 41 -0.01256 -1.39061e+00 | 42 -0.01335 -1.44891e+00
 43 -0.01416 -1.50225e+00 | 44 -0.01498 -1.54966e+00 | 45 -0.01582 -1.59069e+00
 46 -0.01669 -1.62597e+00 | 47 -0.01759 -1.65712e+00 | 48 -0.01855 -1.68653e+00
 49 -0.01959 -1.71741e+00 | 50 -0.02074 -1.75338e+00 | 51 -0.02202 -1.79809e+00
 52 -0.02347 -1.85402e+00 | 53 -0.02509 -1.92044e+00 | 54 -0.02683 -1.98935e+00
 55 -0.02863 -2.04496e+00 | 56 -0.03038 -2.06886e+00 | 57 -0.03201 -2.05405e+00
 58 -0.03352 -1.99714e+00 | 59 -0.03492 -1.90335e+00 | 60 -0.03625 -1.78535e+00
 61 -0.03756 -1.65633e+00 | 62 -0.03886 -1.51962e+00 | 63 -0.04014 -1.38036e+00
 64 -0.04130 -1.23752e+00 | 65 -0.04220 -1.08256e+00 | 66 -0.04264 -8.98130e-01
 67 -0.04237 -6.62588e-01 | 68 -0.04112 -3.47035e-01 | 69 -0.03864  8.34626e-02
 70 -0.03474  6.73649e-01 | 71 -0.02956  1.45936e+00 | 72 -0.02396  2.42503e+00
 73 -0.01958  3.46499e+00 | 74 -0.01798  4.39347e+00 | 75 -0.01920  4.93963e+00
 76 -0.02029  5.33814e+00 | 77 -0.01530  6.57916e+00 | 78 -0.00419  8.78179e+00
 79  0.00159  9.42771e+00 | 80  0.00932  1.01864e+01 | 81  0.01619  1.04729e+01
 82  0.00799  4.97007e+00 | 83  0.03216 -1.24278e+00 | 84  0.06878  1.17262e+01
 85  0.18154  3.89192e+01 | 86 -0.11346  3.99304e+01 | 87 -0.13938  3.44314e+01
 88 -0.08765  3.66354e+01 | 89 -0.00408  2.53558e+01 | 90 -0.13692  3.36902e+01
 91  0.07728 -3.90025e+00 | 92  0.13265 -3.75387e+01 | 93 -0.01722  9.82631e-01
 94  0.05722 -2.03510e+01 | 95  0.12936 -6.71846e+01 | 96  0.04899 -4.03278e+01
 97 -0.00065 -1.68032e+01 | 98  0.09645 -5.11531e+01 | 99  0.04818 -3.65655e+01
100 -0.04368  6.18825e+00 |101  0.06757 -3.69081e+01 |102 -0.00350 -1.57212e+00
103 -0.04654  1.12713e+01 |104  0.01405  8.17614e+00 |105  0.08970  5.00189e+00
106 -0.03489  2.65066e+01 |107 -0.01569  1.32088e+01 |108 -0.03059  1.33610e+01
109 -0.08338  2.73106e+01 |110 -0.11681  3.20160e+01 |111 -0.06457  2.77747e+01
112  0.00466  2.28344e+01 |113  0.05063  3.55721e+01 |114  0.02807  4.35209e+01
115 -0.04323  4.09084e+01 |116 -0.05381  4.27834e+01 |117 -0.04772  3.99245e+01
118  0.09070  3.38715e+01 |119 -0.11590  3.64127e+01 |120  0.06566  5.72149e+01
121 -0.12198  3.77001e+01 |122  0.18798  3.54545e+01 |123 -0.07386  3.25408e+01
124  0.13247  4.35731e+01 |125 -0.24903  2.96960e+01 |126 -0.24004  3.13846e+01
127  0.25563  7.65926e+01 |128  0.08427  3.53397e+01 |129 -0.62742 -4.16033e+00
130 -0.11957 -5.72754e+01 |131 -0.42303 -1.98983e+00 |132 -0.03980  3.21222e-01
133 -0.30492 -1.35614e+00 |134 -0.27101  5.05216e-01 |135 -0.41268 -4.28653e+00
136 -0.55539  6.31617e-02 |137  0.35161 -5.68418e+00 |138 -0.00011 -6.63725e-07
139  0.06400  1.60171e+01 |140 -0.74945 -7.43788e-03 |141 -0.48734 -2.61623e-03
142  0.06827 -2.16226e+01 |143 -0.17977  2.16954e-02 |144 -0.08955  1.70274e+01
145  0.61241  4.54340e-03 |146  0.66733  7.67089e-03 |147  0.26286 -1.14290e+02
148  0.00011 -1.02168e-06 |149 -0.00677  1.97390e+02 |150  0.28106  6.04076e+01
151 -0.00008 -4.70780e-06 |152 -0.00669 -9.76635e+01 |153 -0.44847 -4.28090e+00
154  0.00004  3.03557e-07 |155 -0.27250  3.76126e+00 |156 -0.05932 -2.64872e+01
157 -0.67723  2.92342e+00 |158  0.54399  5.95138e-01 |159 -0.54453  2.29366e+00
160  0.06547 -4.43586e+00 |161 -0.11589 -4.62764e+00 |162  0.04756  8.77985e+00
163  0.03291  6.24026e+00 |164  0.01827  9.73098e+00 |165 -0.17532  5.11391e+01
166  0.01036 -6.01153e+01 |167  0.13191 -1.42498e+02 |168 -0.03403  1.62612e+02
169  0.00221 -9.59591e-01 |170  0.10971  5.97295e+00 |171  0.78125 -7.09104e-02
172 -0.13357  1.67447e+00 |173  0.11905 -3.21189e+00 |174  0.00222 -2.81634e+02
175  0.00188 -4.21812e+01 |176  0.08353  8.94558e+00 |177  0.06781  1.51207e+02
178  0.06920 -3.42262e+00 |179 -0.06870 -1.06013e+01 |180 -0.09301 -1.31885e+02
181 -0.10249  2.36270e+00 |182  0.61574  4.89096e-03 |183  0.61471  5.28134e-03
184  0.61197  4.46608e-03 |185  0.62435  2.91462e-02 |186  0.60676  5.24536e-02
187  0.67355  3.37748e-03 |188  0.10080 -1.20975e+02 |189  0.11771 -1.56202e+00
190  0.75747 -3.19258e+01 |191 -0.27778  2.20492e+01 |
191 variables; iteration 60; function evaluation 65; phase 5
Function value 5.3013778e+04; maximum gradient component mag -1.0509e+03
Var    Value     Gradient |Var    Value     Gradient |Var    Value     Gradient
  1 -0.01989  1.12728e+02 |  2 -0.15833  3.15218e+00 |  3  0.14018  4.00447e+01
  4 -0.10970  1.08674e+01 |  5 -0.37584 -1.04641e+01 |  6 -0.60219  7.04886e+01
  7  0.00818  2.43269e+01 |  8 -0.16348  2.96054e+01 |  9 -0.19832  4.95949e+01
 10  0.14564  2.22528e+01 | 11 -0.43499 -6.98581e+00 | 12 -0.55589  3.65117e+00
 13  0.02508 -1.05092e+03 | 14 -0.00041 -6.13316e-02 | 15 -0.00048 -7.00304e-02
 16 -0.00056 -8.02325e-02 | 17 -0.00065 -9.21711e-02 | 18 -0.00076 -1.06105e-01
 19 -0.00087 -1.22318e-01 | 20 -0.00101 -1.41096e-01 | 21 -0.00116 -1.62710e-01
 22 -0.00133 -1.87374e-01 | 23 -0.00153 -2.15252e-01 | 24 -0.00175 -2.46556e-01
 25 -0.00199 -2.81705e-01 | 26 -0.00227 -3.21350e-01 | 27 -0.00258 -3.66178e-01
 28 -0.00293 -4.16694e-01 | 29 -0.00332 -4.73249e-01 | 30 -0.00382 -5.48130e-01
 31 -0.00431 -6.18061e-01 | 32 -0.00482 -6.92776e-01 | 33 -0.00537 -7.70761e-01
 34 -0.00593 -8.49899e-01 | 35 -0.00649 -9.27130e-01 | 36 -0.00703 -9.98513e-01
 37 -0.00752 -1.05921e+00 | 38 -0.00794 -1.10367e+00 | 39 -0.00824 -1.12604e+00
 40 -0.00840 -1.12068e+00 | 41 -0.00840 -1.08319e+00 | 42 -0.00823 -1.01130e+00
 43 -0.00790 -9.06181e-01 | 44 -0.00744 -7.73389e-01 | 45 -0.00692 -6.23475e-01
 46 -0.00645 -4.72300e-01 | 47 -0.00612 -3.39954e-01 | 48 -0.00608 -2.48259e-01
 49 -0.00644 -2.17857e-01 | 50 -0.00729 -2.64169e-01 | 51 -0.00867 -3.93367e-01
 52 -0.01055 -5.98311e-01 | 53 -0.01279 -8.54740e-01 | 54 -0.01516 -1.11982e+00
 55 -0.01739 -1.34193e+00 | 56 -0.01925 -1.48035e+00 | 57 -0.02073 -1.53245e+00
 58 -0.02192 -1.51647e+00 | 59 -0.02300 -1.46497e+00 | 60 -0.02418 -1.42062e+00
 61 -0.02558 -1.41616e+00 | 62 -0.02725 -1.46111e+00 | 63 -0.02916 -1.56087e+00
 64 -0.03118 -1.70501e+00 | 65 -0.03306 -1.87062e+00 | 66 -0.03452 -2.02713e+00
 67 -0.03524 -2.14539e+00 | 68 -0.03489 -2.19384e+00 | 69 -0.03312 -2.13335e+00
 70 -0.02961 -1.90504e+00 | 71 -0.02430 -1.44789e+00 | 72 -0.01806 -7.64062e-01
 73 -0.01309  1.21082e-02 | 74 -0.01193  6.27308e-01 | 75 -0.01538  7.67917e-01
 76 -0.01920  8.01300e-01 | 77 -0.01391  2.31586e+00 | 78  0.00158  5.87413e+00
 79  0.00736  7.74856e+00 | 80  0.01600  1.06828e+01 | 81  0.02669  1.47535e+01
 82  0.02044  1.18547e+01 | 83  0.05786  6.71814e+00 | 84  0.04206 -1.20541e+00
 85  0.18500  2.78795e+01 | 86 -0.11717  2.51682e+01 | 87 -0.14181  2.12795e+01
 88 -0.08478  2.77661e+01 | 89 -0.00888  1.11652e+01 | 90 -0.15486  9.80776e+00
 91  0.06936 -4.09425e+01 | 92  0.12651 -6.43431e+01 | 93 -0.01596 -9.69391e+00
 94  0.05111 -3.56950e+01 | 95  0.12707 -6.81579e+01 | 96  0.04941 -4.25062e+01
 97  0.00069 -2.40520e+01 | 98  0.09475 -5.02619e+01 | 99  0.05350 -2.62130e+01
100 -0.04108  2.81155e+00 |101  0.07328 -2.32196e+01 |102  0.00216 -1.18906e+00
103 -0.04140  2.63418e+00 |104  0.01944 -2.46866e+00 |105  0.09768 -3.67881e+00
106 -0.02758  1.68670e+01 |107  0.00535  2.33502e+01 |108 -0.01203  1.73699e+01
109 -0.06824  1.98709e+01 |110 -0.10716  2.04936e+01 |111 -0.05230  2.10297e+01
112  0.01834  2.39933e+01 |113  0.05751  3.00947e+01 |114  0.02710  2.12689e+01
115 -0.04185  2.31888e+01 |116 -0.05208  3.08746e+01 |117 -0.04935  2.72968e+01
118  0.08897  2.44112e+01 |119 -0.11687  1.78296e+01 |120  0.04966  2.72956e+00
121 -0.13025  1.87913e+01 |122  0.18181  3.72328e+01 |123 -0.07571  1.93479e+01
124  0.11681  1.11411e+01 |125 -0.26219  1.39705e+01 |126 -0.24494  1.99015e+01
127  0.23898  5.32775e+01 |128  0.07460  2.18401e+01 |129 -0.62646 -3.09422e-01
130 -0.11437  3.00030e+01 |131 -0.41012 -5.66569e-01 |132 -0.15554 -3.60820e+00
133 -0.33167  6.01928e+00 |134 -0.27018  5.90841e-01 |135 -0.63182 -3.38399e+00
136 -1.55295 -2.66632e+00 |137  0.34842 -2.38678e+00 |138 -0.00011 -8.71928e-07
139  0.06217  9.62302e+00 |140 -0.74323 -7.20520e-03 |141 -0.48513 -2.52440e-03
142  0.06965  2.35203e+00 |143 -0.19557  2.07626e-02 |144 -0.09158 -2.13694e+00
145  0.60861  4.50215e-03 |146  0.66044  8.38239e-03 |147  0.25998 -1.23247e+02
148  0.00011 -7.52104e-07 |149 -0.00804  2.13547e+02 |150  0.27990  3.94070e+01
151 -0.00007 -3.96325e-06 |152 -0.00803 -6.02256e+01 |153 -0.45272 -1.72723e+01
154  0.00004  2.80206e-08 |155 -0.27259  5.64753e+00 |156 -0.05825  4.42110e+01
157 -0.68463  4.50658e-01 |158  0.57679  1.43257e+00 |159 -0.54237 -8.91567e-01
160  0.06036  4.39265e-01 |161 -0.11643  1.57279e+01 |162  0.04381 -4.16322e+01
163 -0.11532 -3.71827e+00 |164  0.01336  1.57220e+00 |165 -0.16753  2.30074e+01
166  0.00512 -5.95656e+01 |167  0.13133 -5.10111e+01 |168 -0.03900  2.95350e+01
169  0.09120  1.35162e+01 |170  0.05597  9.17111e+00 |171  0.98505  1.49057e-01
172  0.22992  2.78264e+00 |173  0.13112 -1.96506e+01 |174 -0.00303 -2.75921e+02
175  0.00113 -4.30239e+01 |176  0.09157  1.10923e+01 |177  0.07234  1.57253e+01
178  0.07076 -1.14632e+01 |179 -0.06229 -9.30070e+00 |180 -0.08746 -3.59226e+00
181 -0.09712  9.64691e+00 |182  0.61167  4.88332e-03 |183  0.61038  5.44950e-03
184  0.60824  4.40784e-03 |185  0.60097  3.34960e-02 |186  0.56719  6.97227e-02
187  0.67059  3.23544e-03 |188  0.10347 -8.58659e+01 |189  0.11846 -4.53546e-01
190  0.75773 -4.98583e+01 |191 -0.28484  3.38369e+01 |
191 variables; iteration 80; function evaluation 87; phase 5
Function value 5.3009623e+04; maximum gradient component mag -1.0841e+03
Var    Value     Gradient |Var    Value     Gradient |Var    Value     Gradient
  1  0.00330  5.55204e+01 |  2 -0.15672  4.43802e+00 |  3  0.14724  6.43905e+01
  4 -0.11688  3.53745e+01 |  5 -0.37521 -5.24932e+00 |  6 -0.60203  5.35936e+01
  7  0.03570  1.05576e+02 |  8 -0.16684 -8.00980e+00 |  9 -0.20464 -7.25756e+01
 10  0.15444 -2.22850e+01 | 11 -0.43149 -8.31331e+00 | 12 -0.55471 -1.83836e+01
 13  0.03061 -1.08411e+03 | 14 -0.00078 -1.36107e-01 | 15 -0.00089 -1.49613e-01
 16 -0.00099 -1.64332e-01 | 17 -0.00111 -1.80353e-01 | 18 -0.00122 -1.97778e-01
 19 -0.00135 -2.16714e-01 | 20 -0.00149 -2.37258e-01 | 21 -0.00163 -2.59480e-01
 22 -0.00179 -2.83408e-01 | 23 -0.00196 -3.09044e-01 | 24 -0.00214 -3.36438e-01
 25 -0.00234 -3.65792e-01 | 26 -0.00256 -3.97480e-01 | 27 -0.00279 -4.31917e-01
 28 -0.00305 -4.69434e-01 | 29 -0.00334 -5.10334e-01 | 30 -0.00366 -5.56957e-01
 31 -0.00400 -6.05331e-01 | 32 -0.00436 -6.57278e-01 | 33 -0.00474 -7.12605e-01
 34 -0.00515 -7.70942e-01 | 35 -0.00558 -8.31542e-01 | 36 -0.00603 -8.93320e-01
 37 -0.00649 -9.54765e-01 | 38 -0.00694 -1.01392e+00 | 39 -0.00738 -1.06849e+00
 40 -0.00779 -1.11589e+00 | 41 -0.00817 -1.15357e+00 | 42 -0.00849 -1.17942e+00
 43 -0.00876 -1.19222e+00 | 44 -0.00897 -1.19223e+00 | 45 -0.00915 -1.18164e+00
 46 -0.00933 -1.16521e+00 | 47 -0.00955 -1.15014e+00 | 48 -0.00986 -1.14567e+00
 49 -0.01033 -1.16211e+00 | 50 -0.01102 -1.20922e+00 | 51 -0.01197 -1.29396e+00
 52 -0.01320 -1.41735e+00 | 53 -0.01467 -1.57046e+00 | 54 -0.01624 -1.73071e+00
 55 -0.01775 -1.86581e+00 | 56 -0.01903 -1.94511e+00 | 57 -0.02002 -1.95760e+00
 58 -0.02072 -1.90757e+00 | 59 -0.02125 -1.81253e+00 | 60 -0.02176 -1.70223e+00
 61 -0.02236 -1.60716e+00 | 62 -0.02315 -1.54327e+00 | 63 -0.02414 -1.52481e+00
 64 -0.02527 -1.55381e+00 | 65 -0.02636 -1.61970e+00 | 66 -0.02716 -1.70358e+00
 67 -0.02738 -1.78574e+00 | 68 -0.02671 -1.84429e+00 | 69 -0.02481 -1.85108e+00
 70 -0.02142 -1.76471e+00 | 71 -0.01655 -1.54405e+00 | 72 -0.01114 -1.19601e+00
 73 -0.00728 -8.14629e-01 | 74 -0.00711 -5.49428e-01 | 75 -0.01079 -5.87041e-01
 76 -0.01445 -7.43099e-01 | 77 -0.01002  5.62000e-02 | 78  0.00328  2.07264e+00
 79  0.00576  2.13565e+00 | 80  0.01023  2.83810e+00 | 81  0.01890  5.37992e+00
 82  0.00838  3.18731e+00 | 83  0.06684  2.57842e+00 | 84  0.03219 -8.19270e+00
 85  0.18855  2.93823e+01 | 86 -0.12510  1.69030e+01 | 87 -0.13910  1.58912e+01
 88 -0.09587  1.48881e+01 | 89 -0.01480  1.18623e+00 | 90 -0.14499  9.86102e+00
 91  0.06654 -4.03659e+01 | 92  0.12124 -7.31916e+01 | 93 -0.01969 -1.51139e+01
 94  0.04845 -3.69957e+01 | 95  0.12088 -6.98328e+01 | 96  0.04560 -3.89545e+01
 97  0.00084 -2.00869e+01 | 98  0.08783 -5.33159e+01 | 99  0.05006 -3.13588e+01
100 -0.04745 -6.64996e+00 |101  0.06976 -3.63361e+01 |102 -0.00330 -1.45679e+01
103 -0.04530 -7.86133e+00 |104  0.02223 -9.39048e+00 |105  0.09851 -1.75418e+01
106 -0.02767  6.46586e+00 |107  0.01279  2.57598e+01 |108 -0.00233  2.32599e+01
109 -0.06591  1.49864e+01 |110 -0.10385  1.39357e+01 |111 -0.04774  1.45500e+01
112  0.02341  1.74673e+01 |113  0.05829  2.25578e+01 |114  0.03603  2.19099e+01
115 -0.04344  1.32400e+01 |116 -0.05262  1.91540e+01 |117 -0.04415  2.05397e+01
118  0.09056  1.54582e+01 |119 -0.11869  1.09243e+01 |120  0.05683  1.05568e+01
121 -0.12377  1.29221e+01 |122  0.18400  2.80745e+01 |123 -0.07988  1.04992e+01
124  0.11877  1.33724e+01 |125 -0.24988  1.55138e+01 |126 -0.24964  1.14262e+01
127  0.23449  3.07538e+01 |128  0.07313  1.64041e+01 |129 -0.64191 -2.42843e+00
130 -0.12005  2.59996e+01 |131 -0.43043 -1.33132e+00 |132  0.05198  1.88833e+00
133 -0.31199  1.47812e-01 |134 -0.26221  1.20099e+00 |135 -0.44870 -2.29391e-01
136 -1.18593  2.71600e-01 |137  0.35339 -4.61285e-01 |138 -0.00011 -8.31798e-07
139  0.06133  2.01196e+00 |140 -0.73833 -7.02676e-03 |141 -0.48339 -2.45215e-03
142  0.07070  1.09273e+01 |143 -0.20869  2.20645e-02 |144 -0.09169 -9.92499e+00
145  0.60557  4.45941e-03 |146  0.65493  8.36564e-03 |147  0.26735 -6.93883e+01
148  0.00011 -8.37857e-07 |149 -0.00657  1.22659e+02 |150  0.28142  3.03468e+01
151 -0.00007 -4.37112e-06 |152 -0.00742 -4.32861e+01 |153 -0.44903 -6.80868e+00
154  0.00004 -7.28319e-08 |155 -0.27366  3.70505e+00 |156 -0.05866  6.72844e+01
157 -0.68475  2.65208e+00 |158  0.54049 -1.32503e-01 |159 -0.53545  4.11472e-01
160  0.07033  1.66711e+00 |161 -0.11945  4.63553e+00 |162  0.05116 -6.96048e+00
163 -0.03095  1.46534e-01 |164  0.01424  7.28563e+00 |165 -0.17486  1.49281e+01
166  0.00807 -5.63281e+01 |167  0.14560  1.85165e+01 |168 -0.03299 -3.44630e+01
169  0.03990  7.02649e+00 |170  0.04930  1.02579e+01 |171  1.27043 -3.44611e-01
172  0.23493  2.90095e+00 |173  0.12370 -9.76542e+00 |174  0.00162 -2.40744e+02
175  0.00209 -3.23015e+01 |176  0.09209  1.21031e+01 |177  0.07214 -4.51346e+01
178  0.07034 -9.38474e+00 |179 -0.06245 -1.14982e+01 |180 -0.08708  4.49690e+01
181 -0.10010  6.67547e+00 |182  0.60840  4.91856e-03 |183  0.60679  5.86359e-03
184  0.60527  4.35904e-03 |185  0.57995  4.02439e-02 |186  0.52586  1.05031e-01
187  0.66830  2.96962e-03 |188  0.10511 -6.03042e+01 |189  0.12554  9.71264e+00
190  0.77936 -2.90159e+01 |191 -0.27411  2.16254e+01 |
191 variables; iteration 100; function evaluation 110; phase 5
Function value 5.3003684e+04; maximum gradient component mag -1.1388e+03
Var    Value     Gradient |Var    Value     Gradient |Var    Value     Gradient
  1  0.03818  1.19198e+02 |  2 -0.15429 -2.07435e+01 |  3  0.15281 -2.55225e+01
  4 -0.13112 -9.46513e+01 |  5 -0.36235  8.08178e+00 |  6 -0.60799  8.78541e+01
  7  0.07218  1.35367e+02 |  8 -0.16855 -2.49053e+01 |  9 -0.20183 -1.11783e+02
 10  0.14603 -4.13978e+01 | 11 -0.42347 -1.72842e-01 | 12 -0.55694 -2.25157e+01
 13  0.04085 -1.13882e+03 | 14  0.00158  2.51051e-01 | 15  0.00162  2.61552e-01
 16  0.00166  2.69955e-01 | 17  0.00168  2.75928e-01 | 18  0.00169  2.79053e-01
 19  0.00169  2.78730e-01 | 20  0.00167  2.74145e-01 | 21  0.00162  2.64363e-01
 22  0.00153  2.48547e-01 | 23  0.00141  2.25937e-01 | 24  0.00123  1.95884e-01
 25  0.00101  1.57510e-01 | 26  0.00073  1.09694e-01 | 27  0.00039  5.14392e-02
 28 -0.00002 -1.76674e-02 | 29 -0.00050 -9.73703e-02 | 30 -0.00126 -2.26668e-01
 31 -0.00185 -3.27533e-01 | 32 -0.00246 -4.31407e-01 | 33 -0.00305 -5.32644e-01
 34 -0.00358 -6.24570e-01 | 35 -0.00400 -6.98780e-01 | 36 -0.00427 -7.46420e-01
 37 -0.00433 -7.58303e-01 | 38 -0.00414 -7.26467e-01 | 39 -0.00366 -6.45704e-01
 40 -0.00289 -5.15639e-01 | 41 -0.00187 -3.42602e-01 | 42 -0.00068 -1.40804e-01
 43  0.00055  6.70246e-02 | 44  0.00164  2.51167e-01 | 45  0.00240  3.78011e-01
 46  0.00263  4.15073e-01 | 47  0.00220  3.37618e-01 | 48  0.00104  1.35699e-01
 49 -0.00079 -1.81317e-01 | 50 -0.00312 -5.84566e-01 | 51 -0.00572 -1.03138e+00
 52 -0.00830 -1.47609e+00 | 53 -0.01067 -1.88170e+00 | 54 -0.01268 -2.22333e+00
 55 -0.01428 -2.49308e+00 | 56 -0.01541 -2.68093e+00 | 57 -0.01591 -2.75912e+00
 58 -0.01560 -2.70144e+00 | 59 -0.01441 -2.49703e+00 | 60 -0.01255 -2.18665e+00
 61 -0.01062 -1.88009e+00 | 62 -0.00928 -1.69382e+00 | 63 -0.00905 -1.72745e+00
 64 -0.00993 -1.99768e+00 | 65 -0.01132 -2.42841e+00 | 66 -0.01231 -2.90294e+00
 67 -0.01210 -3.34491e+00 | 68 -0.01043 -3.78245e+00 | 69 -0.00780 -4.37279e+00
 70 -0.00548 -5.35885e+00 | 71 -0.00450 -6.82466e+00 | 72 -0.00346 -8.41838e+00
 73 -0.00516 -1.01820e+01 | 74 -0.02123 -1.29475e+01 | 75 -0.03275 -1.48527e+01
 76 -0.03224 -1.56523e+01 | 77 -0.02670 -1.64207e+01 | 78 -0.00495 -1.65696e+01
 79  0.01284 -1.73567e+01 | 80 -0.00191 -1.84183e+01 | 81 -0.00388 -1.74146e+01
 82  0.04285 -1.70356e+01 | 83  0.06396 -3.51903e+01 | 84 -0.00542 -4.14496e+01
 85  0.18462 -8.01886e+01 | 86 -0.10420  1.02469e+01 | 87 -0.14047  2.62259e+00
 88 -0.12175 -9.70951e+00 | 89 -0.01804 -1.47677e+01 | 90 -0.14299  7.36777e+00
 91  0.06506 -1.98830e+01 | 92  0.11742 -3.73584e+01 | 93 -0.01955 -1.48304e+00
 94  0.04538 -1.47674e+01 | 95  0.11689 -2.00974e+01 | 96  0.04753  2.59589e+00
 97  0.00085  6.51326e+00 | 98  0.08494 -1.34984e+01 | 99  0.04976 -1.29765e+01
100 -0.06464 -1.46927e+01 |101  0.06877 -2.40732e+01 |102 -0.00990 -9.64809e+00
103 -0.03808  5.45022e-01 |104  0.02370  1.22921e+00 |105  0.10099 -1.22482e+00
106 -0.01552  9.51277e+00 |107  0.00875  4.74662e+00 |108 -0.00444  7.07190e+00
109 -0.05200  1.63245e+01 |110 -0.09437  1.29345e+01 |111 -0.03967  1.44137e+01
112  0.02817  1.60652e+01 |113  0.06263  1.19652e+01 |114  0.03463  3.91549e+00
115 -0.03715  4.20829e+00 |116 -0.05353  1.92388e+00 |117 -0.05146  1.36690e+00
118  0.09634  1.24239e+01 |119 -0.12626  3.45200e+00 |120  0.06474  2.25177e+01
121 -0.12180  9.39245e+00 |122  0.18403  2.09113e+00 |123 -0.07820  3.01158e+00
124  0.12413  2.68916e+01 |125 -0.26496  1.12342e+00 |126 -0.23039  1.80547e+01
127  0.22755  3.06617e+00 |128  0.09087  1.24156e+01 |129 -0.62508  1.79627e+00
130 -0.12555 -2.16114e+01 |131 -0.40977  2.54684e+00 |132 -0.13725 -3.23625e+00
133 -0.29368  6.50484e+00 |134 -0.36629 -1.13132e+01 |135 -0.47704 -1.45773e+00
136 -1.35143 -9.06785e-01 |137  0.35369  4.17942e-01 |138 -0.00011 -7.95287e-07
139  0.05771 -3.69064e+00 |140 -0.71575 -6.18781e-03 |141 -0.47556 -1.94241e-03
142  0.06888 -1.43821e+00 |143 -0.31050  1.52236e+00 |144 -0.09218 -7.35412e-01
145  0.59123  4.26895e-03 |146  0.62830  8.36443e-03 |147  0.26681  1.97660e+00
148  0.00012 -7.76628e-07 |149 -0.00899 -3.47864e+01 |150  0.27654 -1.16365e+01
151 -0.00006 -3.87425e-06 |152 -0.00882  3.19114e+01 |153 -0.45235 -1.80210e+01
154  0.00004 -1.54614e-07 |155 -0.28473  5.18801e+00 |156 -0.06156  7.51385e+01
157 -0.66522  1.22587e+01 |158  0.54361 -7.60452e-01 |159 -0.49370  5.24461e+00
160  0.12413  1.00167e+01 |161 -0.13085  2.91159e+00 |162  0.05761 -2.59891e+00
163  0.05108  3.49353e+00 |164  0.01970  1.10487e+01 |165 -0.18088  1.58044e+01
166  0.01615 -6.03142e+00 |167  0.15831  3.05914e+01 |168 -0.02783 -2.40008e+01
169  0.04004  1.07620e+00 |170  0.07263 -5.16390e-01 |171  2.05232 -6.07203e-01
172 -0.47089 -1.72069e-02 |173  0.10148 -4.26975e+01 |174  0.00086 -1.30291e+02
175  0.00124 -1.70253e+01 |176  0.09029 -2.32652e+00 |177  0.07008 -1.58436e+02
178  0.07419  1.20840e+00 |179 -0.06439  8.40579e-02 |180 -0.09046  1.07246e+02
181 -0.09981 -1.07903e+00 |182  0.59238  6.48849e-03 |183  0.58102  6.83778e-01
184  0.59122  4.15267e-03 |185  0.43514  1.89403e-01 |186 -0.10166  9.75929e+00
187  0.65800  2.58118e-03 |188  0.10492 -4.30927e+01 |189  0.11459 -5.97798e+00
190  0.82465 -4.21417e+01 |191 -0.23573  6.08775e+01 |
191 variables; iteration 120; function evaluation 142; phase 5
Function value 5.2995425e+04; maximum gradient component mag -9.6418e+02
Var    Value     Gradient |Var    Value     Gradient |Var    Value     Gradient
  1  0.06029  1.93296e+02 |  2 -0.15622 -2.01183e+01 |  3  0.14945 -5.99739e+01
  4 -0.12655 -1.28664e+02 |  5 -0.36758 -8.30385e+00 |  6 -0.61067  1.09684e+02
  7  0.09272  7.05831e+01 |  8 -0.17110  9.52412e+00 |  9 -0.20178 -8.46754e+01
 10  0.15157 -8.49932e+00 | 11 -0.42868 -4.99642e+00 | 12 -0.55256 -2.45197e+01
 13  0.05135 -9.64184e+02 | 14 -0.00035 -1.47491e-01 | 15 -0.00045 -1.58610e-01
 16 -0.00054 -1.67658e-01 | 17 -0.00060 -1.74148e-01 | 18 -0.00062 -1.77750e-01
 19 -0.00061 -1.78195e-01 | 20 -0.00057 -1.75151e-01 | 21 -0.00050 -1.68181e-01
 22 -0.00041 -1.56920e-01 | 23 -0.00030 -1.40849e-01 | 24 -0.00016 -1.19591e-01
 25  0.00000 -9.25996e-02 | 26  0.00019 -5.92421e-02 | 27  0.00040 -1.90711e-02
 28  0.00063  2.78987e-02 | 29  0.00089  8.11717e-02 | 30  0.00137  1.72775e-01
 31  0.00171  2.38373e-01 | 32  0.00208  3.03982e-01 | 33  0.00243  3.64556e-01
 34  0.00274  4.13916e-01 | 35  0.00294  4.45161e-01 | 36  0.00299  4.50914e-01
 37  0.00286  4.24293e-01 | 38  0.00250  3.59886e-01 | 39  0.00191  2.55286e-01
 40  0.00110  1.12624e-01 | 41  0.00011 -5.96239e-02 | 42 -0.00097 -2.46235e-01
 43 -0.00199 -4.24795e-01 | 44 -0.00280 -5.67842e-01 | 45 -0.00321 -6.46275e-01
 46 -0.00310 -6.35472e-01 | 47 -0.00237 -5.21490e-01 | 48 -0.00104 -3.07633e-01
 49  0.00075 -1.74568e-02 | 50  0.00275  3.07643e-01 | 51  0.00469  6.18136e-01
 52  0.00629  8.70664e-01 | 53  0.00744  1.04338e+00 | 54  0.00812  1.13598e+00
 55  0.00845  1.16890e+00 | 56  0.00843  1.13988e+00 | 57  0.00764  9.78545e-01
 58  0.00556  5.91189e-01 | 59  0.00158 -1.24619e-01 | 60 -0.00462 -1.22658e+00
 61 -0.01268 -2.66095e+00 | 62 -0.02182 -4.28893e+00 | 63 -0.03077 -5.90039e+00
 64 -0.03818 -7.28579e+00 | 65 -0.04312 -8.30668e+00 | 66 -0.04497 -8.90119e+00
 67 -0.04328 -9.04804e+00 | 68 -0.03772 -8.76614e+00 | 69 -0.02857 -8.20524e+00
 70 -0.01729 -7.68323e+00 | 71 -0.00624 -7.54320e+00 | 72  0.00357 -7.72848e+00
 73  0.02258 -6.95784e+00 | 74 -0.01976 -1.15317e+01 | 75 -0.00845 -1.03882e+01
 76  0.04303 -6.44865e+00 | 77 -0.05063 -1.61026e+01 | 78  0.00278 -1.34827e+01
 79  0.06962 -1.83516e+01 | 80 -0.05894 -2.42184e+01 | 81 -0.07089 -2.59251e+01
 82 -0.01346 -1.98993e+01 | 83  0.11890 -3.11910e+01 | 84 -0.03119 -3.02080e+01
 85  0.17629 -7.65920e+01 | 86 -0.15191 -3.18013e+00 | 87 -0.15998 -2.21055e+00
 88 -0.11958 -4.57468e+00 | 89 -0.02464 -1.20802e+01 | 90 -0.18092 -5.82605e+00
 91  0.05814 -1.38179e+01 | 92  0.10844 -3.89786e+01 | 93 -0.02974 -4.94007e+00
 94  0.03693 -1.51201e+01 | 95  0.10907 -2.66709e+01 | 96  0.03135 -1.63158e+01
 97 -0.00607  5.96550e+00 | 98  0.07754 -2.87199e+00 | 99  0.04384  5.94961e+00
100 -0.04657  8.00934e+00 |101  0.06250 -4.71203e+00 |102  0.00506  9.53681e+00
103 -0.04659  1.50679e+00 |104  0.03434  1.55215e+01 |105  0.11203  2.31912e+01
106 -0.00733  1.65897e+01 |107  0.02400  1.50144e+01 |108 -0.00295  6.83543e+00
109 -0.01347  4.18633e+01 |110 -0.08807  1.19114e+01 |111 -0.05236  1.50995e+00
112  0.05399  2.53869e+01 |113  0.06997  1.16905e+01 |114  0.04007  5.29701e+00
115 -0.01228  2.54106e+01 |116 -0.05092  1.06389e+01 |117 -0.03054  1.36626e+01
118  0.09936  7.66499e+00 |119 -0.09747  1.49156e+01 |120  0.07328  2.30912e+01
121 -0.14639 -1.78614e+00 |122  0.19252  4.74069e+00 |123 -0.06831  8.81453e+00
124  0.13201  2.16241e+01 |125 -0.27735 -3.84616e+00 |126 -0.21164  2.66418e+01
127  0.24228  2.22542e+01 |128  0.07179  6.61638e+00 |129 -0.66832 -5.24935e+00
130 -0.13564 -1.87297e+01 |131 -0.46895 -9.26520e+00 |132 -0.04000 -3.42351e-02
133 -0.40480 -2.41928e+00 |134 -0.33520 -5.90918e+00 |135 -0.44429  9.97818e-01
136 -1.34872 -7.55532e-01 |137  0.29745 -6.64006e+00 |138 -0.00011 -8.09458e-07
139  0.04284  2.48960e+00 |140 -0.68600 -5.03664e-03 |141 -0.46602 -1.02290e-03
142  0.09625 -1.46027e+01 |143 -0.21186  6.57230e+00 |144 -0.06019  3.95145e+01
145  0.57138  4.02482e-03 |146  0.58930  8.91254e-03 |147  0.26405 -3.62796e+01
148  0.00012 -7.93560e-07 |149 -0.00937  4.88742e+01 |150  0.25296 -5.59869e+00
151 -0.00004 -3.35896e-06 |152 -0.01816  2.27262e+01 |153 -0.44964 -1.56562e+01
154  0.00004  1.27299e-08 |155 -0.28586  4.51496e+00 |156 -0.06098  7.21451e+00
157 -0.69775 -2.39399e+00 |158  0.52427 -8.22231e-01 |159 -0.56133 -5.97317e+00
160  0.02629 -2.22522e+00 |161 -0.11671  4.68663e+00 |162  0.04590 -2.01429e+00
163  0.01753  1.22143e+00 |164  0.02241  7.61909e+00 |165 -0.17890  3.37131e+00
166  0.01682  2.09747e+01 |167  0.14149  3.32816e+01 |168 -0.03742 -4.83081e+01
169  0.09579  3.65291e+00 |170 -0.01548  5.82864e+00 |171  2.28175 -8.56853e-01
172  0.63164  9.05602e-01 |173  0.10138 -4.89227e+01 |174  0.00761 -1.06719e+02
175  0.00274 -4.70287e+00 |176  0.08390 -1.31358e+01 |177  0.07255 -2.94515e+02
178  0.07046  1.23157e+00 |179 -0.06896  1.68692e+01 |180 -0.08998  1.70327e+02
181 -0.10376 -2.28758e+00 |182  0.45684  1.38600e+00 |183  0.04404 -1.16472e+01
184  0.57187  3.88824e-03 |185 -0.08791  1.12947e+01 |186 -0.07446 -2.31460e+01
187  0.64448  2.13294e-03 |188  0.10352 -5.74709e+01 |189  0.11512 -5.20188e+00
190  0.84172 -4.67986e+01 |191 -0.24071  7.22512e+01 |
191 variables; iteration 140; function evaluation 171; phase 5
Function value 5.2982630e+04; maximum gradient component mag -1.7170e+02
Var    Value     Gradient |Var    Value     Gradient |Var    Value     Gradient
  1  0.01889  3.67632e+01 |  2 -0.16846  1.16925e+01 |  3  0.14244  2.24492e+01
  4 -0.10734  1.07916e+01 |  5 -0.35675 -4.88589e+00 |  6 -0.61877  3.44957e+01
  7  0.05931  9.56998e+00 |  8 -0.17084  1.91861e+01 |  9 -0.19244 -1.62730e+01
 10  0.14465  2.13504e+01 | 11 -0.42578 -1.69048e+00 | 12 -0.55408 -2.96979e+00
 13  0.04363 -1.71701e+02 | 14  0.00313  3.00231e-01 | 15  0.00311  3.06371e-01
 16  0.00310  3.11289e-01 | 17  0.00310  3.14757e-01 | 18  0.00312  3.16246e-01
 19  0.00314  3.14986e-01 | 20  0.00316  3.10065e-01 | 21  0.00316  3.00506e-01
 22  0.00312  2.85566e-01 | 23  0.00303  2.64354e-01 | 24  0.00288  2.36047e-01
 25  0.00264  1.99325e-01 | 26  0.00231  1.52362e-01 | 27  0.00186  9.34260e-02
 28  0.00130  2.16341e-02 | 29  0.00063 -6.25851e-02 | 30 -0.00036 -2.01541e-01
 31 -0.00114 -3.09270e-01 | 32 -0.00191 -4.20670e-01 | 33 -0.00262 -5.29677e-01
 34 -0.00325 -6.29324e-01 | 35 -0.00378 -7.10185e-01 | 36 -0.00412 -7.60794e-01
 37 -0.00425 -7.69908e-01 | 38 -0.00408 -7.26010e-01 | 39 -0.00357 -6.20775e-01
 40 -0.00272 -4.50423e-01 | 41 -0.00152 -2.17777e-01 | 42 -0.00006  6.44391e-02
 43  0.00154  3.74218e-01 | 44  0.00310  6.78948e-01 | 45  0.00439  9.39581e-01
 46  0.00517  1.11356e+00 | 47  0.00521  1.16316e+00 | 48  0.00438  1.06458e+00
 49  0.00267  8.15540e-01 | 50  0.00022  4.41024e-01 | 51 -0.00269 -1.12140e-02
 52 -0.00573 -4.80230e-01 | 53 -0.00861 -9.11888e-01 | 54 -0.01115 -1.27348e+00
 55 -0.01335 -1.56616e+00 | 56 -0.01536 -1.81259e+00 | 57 -0.01731 -2.03838e+00
 58 -0.01929 -2.26408e+00 | 59 -0.02111 -2.45759e+00 | 60 -0.02225 -2.52586e+00
 61 -0.02216 -2.37849e+00 | 62 -0.02036 -1.91975e+00 | 63 -0.01400 -6.22039e-01
 64  0.00008  2.11059e+00 | 65  0.00957  3.95865e+00 | 66 -0.00125  1.87941e+00
 67 -0.00693  6.51920e-01 | 68 -0.00409  8.46118e-01 | 69 -0.02150 -2.78821e+00
 70 -0.04374 -7.22134e+00 | 71 -0.03921 -7.00280e+00 | 72 -0.01316 -3.16549e+00
 73  0.02304  2.53359e+00 | 74 -0.00529 -1.67614e+00 | 75 -0.00383 -8.39649e-01
 76  0.05824  9.76765e+00 | 77 -0.01477 -3.59152e+00 | 78 -0.04349 -9.70560e+00
 79 -0.03811 -1.04625e+01 | 80  0.06375 -7.68205e-01 | 81 -0.08063 -1.69342e+01
 82 -0.08915 -1.48681e+01 | 83  0.13827  3.17074e+01 | 84 -0.02481 -1.64733e+01
 85  0.17185  8.67159e+00 | 86 -0.12706  6.72743e+00 | 87 -0.16871 -4.01005e+00
 88 -0.11571  7.10284e-01 | 89 -0.01947  3.02674e+00 | 90 -0.19131 -1.33229e+01
 91  0.05892 -4.08108e+00 | 92  0.11167 -1.53759e+01 | 93 -0.03164 -7.15648e+00
 94  0.04072 -4.00921e+00 | 95  0.10991 -7.49025e+00 | 96  0.03516 -9.53437e+00
 97 -0.01378 -3.65035e+00 | 98  0.08033  6.58520e+00 | 99  0.04112  5.76877e+00
100 -0.04265  1.00467e+01 |101  0.05978  1.96385e+00 |102  0.01586  1.72170e+01
103 -0.06814 -1.45813e+01 |104  0.03953  8.71478e+00 |105  0.10739  1.98712e-01
106 -0.01230  2.63318e+00 |107  0.02201  6.28944e+00 |108  0.00065 -1.49190e+00
109 -0.02848  1.85307e+01 |110 -0.06328  1.01446e+01 |111 -0.09203 -1.77913e+01
112  0.06489  2.45666e+01 |113  0.05878  3.80363e+00 |114  0.05084  1.13185e+01
115 -0.02748  7.55902e+00 |116 -0.05025  3.21207e+00 |117 -0.02717  1.05828e+01
118  0.09451 -6.93130e+00 |119 -0.09564  6.59839e+00 |120  0.06444 -1.56451e+00
121 -0.13622 -5.85118e+00 |122  0.18866  5.21146e+00 |123 -0.05618  1.20129e+01
124  0.12558  1.52095e+00 |125 -0.24549  2.22508e+00 |126 -0.23061  5.25882e+00
127  0.24321  1.38487e+01 |128  0.08086  5.22386e+00 |129 -0.64700  3.94667e-01
130 -0.13917  8.27558e-01 |131 -0.40038  5.23368e+00 |132  0.00931  1.36178e+00
133 -0.42093 -9.21548e-01 |134 -0.15765  7.11708e+00 |135 -0.46498  4.31676e-01
136 -1.17318 -3.03786e-02 |137  0.31289  1.94577e+00 |138 -0.00010 -6.51085e-07
139  0.04962 -5.76091e+00 |140 -0.65550 -3.29254e-03 |141 -0.46199  1.00357e-03
142  0.08505 -7.08685e+00 |143 -0.24007  4.37237e+00 |144 -0.07006  2.54809e+01
145  0.54648  3.95771e-03 |146  0.52223  1.86862e-02 |147  0.24370 -9.36505e+00
148  0.00012 -4.43708e-07 |149 -0.01574  3.46121e+01 |150  0.23164  3.22792e+01
151 -0.00002 -2.44868e-06 |152 -0.02766 -3.69889e+01 |153 -0.45137 -2.03174e+00
154  0.00004  2.11312e-07 |155 -0.28868  1.67887e+00 |156 -0.06086 -1.43935e+01
157 -0.70171 -7.13189e+00 |158  0.51841 -8.61229e-02 |159 -0.57749 -1.10747e+01
160  0.01007  8.39665e-01 |161 -0.11337  2.02501e+00 |162  0.03299 -5.95573e+00
163 -0.03475 -2.07625e+00 |164  0.00022 -2.94665e+00 |165 -0.17452 -5.37924e+00
166  0.00318  4.78112e+00 |167  0.12755 -2.57680e+01 |168 -0.04257  2.43640e+01
169  0.11600  5.49431e+00 |170 -0.10504  1.19815e+00 |171  2.32950 -6.47507e-01
172  1.18624 -1.55466e-01 |173  0.11305  1.06339e+01 |174  0.01355 -1.40608e+01
175  0.00332  4.26372e+00 |176  0.10434 -4.17106e+01 |177  0.08439 -7.47800e+01
178  0.08493 -1.40294e+00 |179 -0.05494  3.69665e+01 |180 -0.08133  4.03117e+01
181 -0.07898  9.18029e+00 |182  0.01151 -2.62619e-01 |183 -0.11689  9.30161e+00
184  0.54805  3.61359e-03 |185 -0.08602  3.04347e+00 |186 -0.00153  3.65594e+01
187  0.62864  2.65427e-03 |188  0.10460 -1.61145e+01 |189  0.12050  2.57395e+00
190  0.84406 -1.68310e+01 |191 -0.24523  2.36141e+01 |
191 variables; iteration 160; function evaluation 204; phase 5
Function value 5.2972267e+04; maximum gradient component mag -5.7327e+02
Var    Value     Gradient |Var    Value     Gradient |Var    Value     Gradient
  1 -0.01617  7.99694e+01 |  2 -0.17200 -8.09747e+00 |  3  0.14247 -2.98475e+01
  4 -0.10621 -3.89276e+01 |  5 -0.34763 -2.76204e+00 |  6 -0.61857  1.57987e+01
  7  0.02916  4.70195e+01 |  8 -0.16513 -4.52891e+00 |  9 -0.17825 -3.29507e+01
 10  0.11822 -8.47216e+00 | 11 -0.42076 -1.66105e+00 | 12 -0.56306 -1.05919e+01
 13  0.03484 -5.73266e+02 | 14 -0.00018 -2.51104e-01 | 15 -0.00020 -2.44527e-01
 16  0.00005 -1.94004e-01 | 17  0.00044 -1.22085e-01 | 18  0.00080 -6.14625e-02
 19  0.00097 -3.50769e-02 | 20  0.00089 -5.47024e-02 | 21  0.00053 -1.22695e-01
 22 -0.00015 -2.43536e-01 | 23 -0.00113 -4.13481e-01 | 24 -0.00244 -6.37428e-01
 25 -0.00414 -9.21504e-01 | 26 -0.00620 -1.26148e+00 | 27 -0.00833 -1.60971e+00
 28 -0.00986 -1.84926e+00 | 29 -0.00990 -1.83367e+00 | 30 -0.00930 -1.70746e+00
 31 -0.00634 -1.18243e+00 | 32 -0.00392 -7.52907e-01 | 33 -0.00376 -7.16463e-01
 34 -0.00427 -7.96044e-01 | 35 -0.00513 -9.35924e-01 | 36 -0.00542 -9.77041e-01
 37 -0.00440 -7.93111e-01 | 38 -0.00232 -4.24913e-01 | 39  0.00042  6.04116e-02
 40  0.00282  4.91172e-01 | 41  0.00390  6.99598e-01 | 42  0.00356  6.67998e-01
 43  0.00167  3.72281e-01 | 44 -0.00152 -1.47048e-01 | 45 -0.00525 -7.61245e-01
 46 -0.00858 -1.30581e+00 | 47 -0.01045 -1.59926e+00 | 48 -0.01033 -1.54658e+00
 49 -0.00854 -1.20298e+00 | 50 -0.00604 -7.30725e-01 | 51 -0.00417 -3.62937e-01
 52 -0.00409 -2.99014e-01 | 53 -0.00639 -6.41729e-01 | 54 -0.01028 -1.25431e+00
 55 -0.01330 -1.70717e+00 | 56 -0.01340 -1.63537e+00 | 57 -0.01125 -1.15277e+00
 58 -0.00964 -7.57415e-01 | 59 -0.01194 -1.05318e+00 | 60 -0.02079 -2.53081e+00
 61 -0.02389 -2.99560e+00 | 62 -0.01752 -1.76485e+00 | 63 -0.02168 -2.45013e+00
 64 -0.02694 -3.37102e+00 | 65 -0.02137 -2.39032e+00 | 66 -0.02563 -3.27580e+00
 67 -0.02495 -3.39808e+00 | 68 -0.02653 -4.08037e+00 | 69 -0.01199 -2.19540e+00
 70 -0.00909 -2.57450e+00 | 71 -0.00125 -2.34581e+00 | 72  0.00304 -2.69134e+00
 73 -0.00515 -4.51425e+00 | 74 -0.02556 -7.57508e+00 | 75 -0.01604 -5.95650e+00
 76 -0.00895 -4.80854e+00 | 77 -0.01182 -5.74019e+00 | 78  0.02243 -2.46829e+00
 79  0.00448 -6.21400e+00 | 80 -0.02672 -1.09387e+01 | 81  0.02033 -5.08221e+00
 82  0.01858 -5.82663e+00 | 83  0.06177 -1.72768e+01 | 84  0.00550 -3.33491e+01
 85  0.18211 -3.27571e+01 | 86 -0.14107 -4.76854e-01 | 87 -0.14920  1.00101e+00
 88 -0.10714 -5.91513e-01 | 89 -0.02172 -9.08370e+00 | 90 -0.15157  2.24142e+00
 91  0.06155 -1.04197e+01 | 92  0.11558 -1.46567e+01 | 93 -0.02549 -3.72259e-01
 94  0.04325 -6.56680e+00 | 95  0.11239 -1.35362e+01 | 96  0.03890 -5.01770e+00
 97 -0.00952 -1.78256e-01 | 98  0.07935 -6.85924e+00 | 99  0.04304 -1.57434e+00
100 -0.05273  6.82393e-01 |101  0.06591 -2.68027e+00 |102 -0.00625 -1.03490e+00
103 -0.03723  2.31206e+00 |104  0.02428  2.02518e+00 |105  0.10462  4.24314e+00
106 -0.01828  4.89206e+00 |107  0.01162  3.78922e+00 |108  0.00346  3.62200e+00
109 -0.04853  4.84775e+00 |110 -0.09167  2.27410e+00 |111 -0.04301 -1.90222e+00
112  0.03238 -5.65889e-01 |113  0.06442  2.18781e+00 |114  0.03985  3.95220e+00
115 -0.03298  6.32051e+00 |116 -0.04946  5.46614e+00 |117 -0.04228  5.77245e+00
118  0.09466  8.75153e+00 |119 -0.10942  6.15984e+00 |120  0.05995  8.42371e+00
121 -0.11920  5.26965e+00 |122  0.18330  1.37276e+01 |123 -0.07315  5.48484e+00
124  0.11984  1.43005e+01 |125 -0.24660  4.11326e+00 |126 -0.23336  6.68933e+00
127  0.23740  1.14696e+01 |128  0.08311  4.79612e+00 |129 -0.64568  5.30749e-02
130 -0.13714 -1.05779e+01 |131 -0.43774 -1.94168e+00 |132 -0.05458 -3.22678e-01
133 -0.39823 -1.05387e-01 |134 -0.30136 -1.65316e+00 |135 -0.44907 -1.98599e-01
136 -0.97948 -2.16585e-02 |137  0.29667 -3.05781e+00 |138 -0.00010 -5.93444e-07
139  0.04671  9.75070e+00 |140 -0.61408 -2.19734e-03 |141 -0.48254  8.25993e-04
142  0.06708 -3.24611e+01 |143 -0.36046  9.55639e-01 |144 -0.09277  2.10206e+01
145  0.15932 -2.07169e-01 |146 -0.22416 -4.62196e-02 |147  0.23059 -1.80352e+01
148  0.00013 -4.66104e-07 |149 -0.02129  2.87642e+01 |150  0.22097 -1.81147e+01
151  0.00001 -2.36955e-06 |152 -0.03117  2.64754e+01 |153 -0.45381 -1.57094e+00
154  0.00003  2.55393e-07 |155 -0.30287  6.70566e-01 |156 -0.06046  1.05998e+00
157 -0.68266  8.93642e-01 |158  0.52019 -2.69858e-01 |159 -0.53294 -2.64946e-01
160  0.02094 -1.88612e-01 |161 -0.12124  1.69247e+00 |162  0.02729 -3.99253e+00
163 -0.01394  3.12422e-02 |164 -0.00453  7.88394e-01 |165 -0.17633  2.69945e+00
166 -0.00185 -7.70749e-01 |167  0.12498 -1.13900e+01 |168 -0.04575  1.16586e+01
169  0.10478 -2.68854e-04 |170 -0.17917 -1.19273e-01 |171  2.90191  2.02701e-02
172  2.21818  1.82235e-02 |173  0.10661 -1.37800e+01 |174  0.01228 -3.80017e+01
175  0.00237  3.49814e-01 |176  0.11291  1.96033e+01 |177  0.09887  2.75484e+01
178  0.06001 -1.12051e-02 |179 -0.05024 -5.84269e+00 |180 -0.07045 -1.71258e+01
181 -0.11037 -3.88686e-01 |182  0.04941  1.00432e+01 |183 -0.16166 -4.03224e+00
184  0.49775  3.05335e-03 |185 -0.17877  1.98039e+00 |186 -0.01406 -4.62300e+00
187  0.59611  1.72507e-03 |188  0.10452 -2.54765e+01 |189  0.11836 -5.16251e-01
190  0.90561 -5.94736e+00 |191 -0.21793  1.83728e+01 |
191 variables; iteration 180; function evaluation 235; phase 5
Function value 5.2970161e+04; maximum gradient component mag -2.8098e+02
Var    Value     Gradient |Var    Value     Gradient |Var    Value     Gradient
  1 -0.02569  1.33507e+01 |  2 -0.17530 -4.66908e+00 |  3  0.14340  1.45915e+01
  4 -0.10376 -2.23710e+00 |  5 -0.34282  1.34719e+00 |  6 -0.61902  1.70431e+01
  7  0.02251  2.37080e+01 |  8 -0.16336 -7.66732e+00 |  9 -0.17464 -5.08083e+00
 10  0.11174 -6.58535e+00 | 11 -0.42089 -1.18901e-02 | 12 -0.56236  2.88180e-01
 13  0.03357 -2.80982e+02 | 14 -0.00387 -8.89489e-01 | 15  0.00419  4.86657e-01
 16  0.00318  3.24952e-01 | 17  0.00023 -1.70681e-01 | 18 -0.00094 -3.67606e-01
 19  0.00041 -1.41738e-01 | 20  0.00283  2.64431e-01 | 21  0.00363  3.93473e-01
 22  0.00137  4.51852e-03 | 23 -0.00152 -4.89183e-01 | 24 -0.00082 -3.69066e-01
 25  0.00320  3.18646e-01 | 26  0.00532  6.89712e-01 | 27  0.00315  3.41689e-01
 28  0.00106  1.27008e-02 | 29  0.00107  4.41910e-02 | 30  0.00071  1.31487e-02
 31 -0.00074 -2.05732e-01 | 32  0.00106  1.22063e-01 | 33  0.00198  2.94579e-01
 34  0.00192  2.99647e-01 | 35  0.00117  1.84324e-01 | 36  0.00078  1.31054e-01
 37  0.00106  1.98147e-01 | 38  0.00087  1.86326e-01 | 39 -0.00114 -1.33224e-01
 40 -0.00519 -7.99471e-01 | 41 -0.00863 -1.35756e+00 | 42 -0.00926 -1.42939e+00
 43 -0.00740 -1.06742e+00 | 44 -0.00487 -5.85239e-01 | 45 -0.00387 -3.64350e-01
 46 -0.00479 -4.74171e-01 | 47 -0.00537 -5.22147e-01 | 48 -0.00432 -2.80675e-01
 49 -0.00375 -1.19356e-01 | 50 -0.00595 -4.36647e-01 | 51 -0.01036 -1.14063e+00
 52 -0.01407 -1.71346e+00 | 53 -0.01127 -1.12153e+00 | 54 -0.00942 -6.81442e-01
 55 -0.01054 -7.52754e-01 | 56 -0.00835 -2.08163e-01 | 57 -0.02033 -2.21557e+00
 58 -0.01666 -1.38170e+00 | 59 -0.01290 -5.09276e-01 | 60 -0.01949 -1.54297e+00
 61 -0.01286 -1.25152e-01 | 62 -0.02006 -1.29735e+00 | 63 -0.02585 -2.22463e+00
 64 -0.01378  2.05924e-01 | 65 -0.02549 -1.93573e+00 | 66 -0.02740 -2.29127e+00
 67 -0.02001 -9.96923e-01 | 68 -0.01395 -1.20079e-01 | 69 -0.01852 -1.43156e+00
 70 -0.01393 -1.21691e+00 | 71 -0.01062 -1.35387e+00 | 72 -0.01261 -2.32235e+00
 73 -0.00712 -1.69137e+00 | 74  0.00084 -1.69030e-01 | 75 -0.00767 -1.13478e+00
 76 -0.01266 -1.76084e+00 | 77 -0.01227 -2.10861e+00 | 78 -0.00633 -1.99510e+00
 79  0.00457 -1.21839e+00 | 80  0.01811 -1.24684e-01 | 81 -0.00851 -3.57126e+00
 82 -0.01617 -3.07418e+00 | 83  0.08033  7.75483e+00 | 84  0.05171 -2.10559e+01
 85  0.16843 -2.66002e+00 | 86 -0.13390  1.13607e+00 | 87 -0.14812  1.52062e+00
 88 -0.10953 -1.23017e-01 | 89 -0.02127 -4.18205e+00 | 90 -0.15167  1.91347e+00
 91  0.06054 -1.03603e+01 | 92  0.11512 -1.45227e+01 | 93 -0.02648 -1.85473e+00
 94  0.04307 -5.41786e+00 | 95  0.11181 -9.91900e+00 | 96  0.03945 -2.18093e+00
 97 -0.01012 -1.58045e-01 | 98  0.07968 -3.65026e+00 | 99  0.04225 -1.78471e+00
100 -0.05182  5.91366e-01 |101  0.06515 -1.26709e+00 |102 -0.00554  3.58865e-01
103 -0.03608  3.03128e+00 |104  0.02395  1.29288e+00 |105  0.10397  6.94767e-01
106 -0.01868  2.31512e+00 |107  0.01161  2.56433e+00 |108  0.00487  4.03509e+00
109 -0.05282  2.37365e+00 |110 -0.09150  4.23990e+00 |111 -0.03120  8.72740e+00
112  0.02956  5.19551e+00 |113  0.06465  5.61526e+00 |114  0.03990  4.05189e+00
115 -0.03666  1.94611e+00 |116 -0.04934  2.62515e+00 |117 -0.04551  1.54374e+00
118  0.09272  3.20678e+00 |119 -0.11488  1.61479e+00 |120  0.05636  2.12874e+00
121 -0.11705  3.87376e+00 |122  0.17804 -4.82797e-01 |123 -0.07608  2.37721e+00
124  0.11177 -1.27080e+00 |125 -0.24651  2.98526e+00 |126 -0.23952  1.94676e+00
127  0.23251 -1.67365e+00 |128  0.08188  3.14547e+00 |129 -0.64038  1.44187e+00
130 -0.13748  3.62580e+00 |131 -0.43111 -4.37165e-01 |132 -0.04452 -8.08981e-02
133 -0.40524  1.75604e-01 |134 -0.28809 -3.08496e-01 |135 -0.45769 -6.66821e-03
136 -1.02304  2.36702e-02 |137  0.29312  3.09729e+00 |138 -0.00009 -4.92506e-07
139  0.04507 -5.26015e+00 |140 -0.57840 -7.34169e-04 |141 -0.49903  1.39215e-03
142  0.07612  1.29251e+01 |143 -0.41921  5.03815e-01 |144 -0.08863 -9.39385e+00
145  0.07476  2.15704e+00 |146 -0.07101  1.25228e+00 |147  0.22357  5.64997e+00
148  0.00014 -4.56413e-07 |149 -0.02442 -1.31333e+01 |150  0.21618  4.14031e+00
151  0.00006 -2.21159e-06 |152 -0.03449 -6.78354e+00 |153 -0.45317 -1.26202e-01
154  0.00003  2.77517e-07 |155 -0.29667  6.02582e-01 |156 -0.05949  7.73934e+00
157 -0.68134  5.17822e-01 |158  0.51824 -2.27164e-01 |159 -0.53082  2.57369e-01
160  0.01619 -1.89304e-01 |161 -0.12172 -1.63485e-01 |162  0.02451 -3.78731e-01
163 -0.00664  1.62991e-02 |164 -0.01258 -4.77036e-01 |165 -0.17670  2.55756e-01
166 -0.00637 -8.92103e-01 |167  0.12458 -3.30971e+00 |168 -0.04487  6.98951e+00
169  0.11788  3.98736e+00 |170 -0.16151 -9.76294e-04 |171  3.54460  2.33997e-01
172  3.00339 -1.54264e-01 |173  0.10836 -2.12358e+00 |174  0.01239 -1.85941e+01
175  0.00211 -1.86550e+00 |176  0.11073  3.49836e+00 |177  0.09275 -1.80259e+00
178  0.05546  1.37212e+00 |179 -0.05258 -4.15136e+00 |180 -0.07465  5.31091e+00
181 -0.11649 -2.55961e+00 |182  0.04038 -1.09225e+00 |183 -0.10686  3.10296e+00
184  0.44567  2.55585e-03 |185 -0.19523 -4.62504e-01 |186 -0.02540  5.42832e+00
187  0.56488  1.00624e-03 |188  0.10460 -1.50235e+01 |189  0.11867 -3.59947e-02
190  0.93731 -2.33261e+00 |191 -0.21597  1.01451e+01 |
191 variables; iteration 200; function evaluation 263; phase 5
Function value 5.2968680e+04; maximum gradient component mag -7.0844e+01
Var    Value     Gradient |Var    Value     Gradient |Var    Value     Gradient
  1 -0.01316 -6.67366e+00 |  2 -0.17462 -1.28325e-01 |  3  0.14281  1.83522e+01
  4 -0.10434  7.40020e+00 |  5 -0.34534 -6.72488e-02 |  6 -0.62119  1.11171e+01
  7  0.03472  5.33804e+00 |  8 -0.16390 -3.32312e+00 |  9 -0.17621 -8.00372e+00
 10  0.11376 -3.39144e+00 | 11 -0.42141 -4.50936e-01 | 12 -0.56222 -1.34821e+00
 13  0.03887 -7.08444e+01 | 14  0.00148 -4.07704e-02 | 15 -0.00423 -9.97322e-01
 16 -0.00243 -6.85043e-01 | 17 -0.00398 -9.44343e-01 | 18 -0.00574 -1.24243e+00
 19 -0.00218 -6.44852e-01 | 20 -0.00167 -5.67980e-01 | 21 -0.00250 -7.17148e-01
 22  0.00007 -2.90176e-01 | 23  0.00106 -1.27827e-01 | 24  0.00152 -5.14292e-02
 25  0.00049 -2.18854e-01 | 26  0.00387  3.67790e-01 | 27  0.00738  9.84232e-01
 28 -0.01128 -2.14517e+00 | 29 -0.00828 -1.59981e+00 | 30 -0.00533 -1.06092e+00
 31 -0.00637 -1.20371e+00 | 32  0.00190  2.33293e-01 | 33 -0.00014 -9.41303e-02
 34 -0.00227 -4.41068e-01 | 35 -0.00217 -4.06061e-01 | 36 -0.00227 -4.04261e-01
 37 -0.00322 -5.45227e-01 | 38 -0.00125 -1.80674e-01 | 39  0.00143  3.12627e-01
 40 -0.00380 -5.47624e-01 | 41 -0.00489 -6.92579e-01 | 42  0.00773  1.53992e+00
 43  0.00715  1.49689e+00 | 44 -0.01121 -1.63055e+00 | 45 -0.00997 -1.35937e+00
 46  0.00588  1.47203e+00 | 47 -0.00999 -1.23733e+00 | 48 -0.01306 -1.70581e+00
 49  0.00001  6.72191e-01 | 50 -0.00169  4.59387e-01 | 51 -0.00905 -7.52995e-01
 52 -0.01362 -1.46397e+00 | 53  0.00437  1.88409e+00 | 54 -0.01797 -1.99493e+00
 55 -0.01088 -5.61601e-01 | 56  0.00075  1.75346e+00 | 57 -0.00110  1.63390e+00
 58 -0.00975  2.54373e-01 | 59 -0.01742 -9.45611e-01 | 60 -0.01300  1.29612e-01
 61 -0.02393 -1.70366e+00 | 62 -0.01163  9.04008e-01 | 63  0.00042  3.54273e+00
 64 -0.02811 -1.82646e+00 | 65 -0.01246  1.44174e+00 | 66 -0.01520  1.01855e+00
 67 -0.02617 -1.14544e+00 | 68 -0.02798 -1.61794e+00 | 69 -0.01381  8.83571e-01
 70 -0.01214  7.61392e-01 | 71 -0.00714  1.20157e+00 | 72  0.00373  2.84810e+00
 73 -0.00287  1.59546e+00 | 74 -0.01308  1.91677e-01 | 75 -0.01195  1.24548e+00
 76 -0.00731  2.85965e+00 | 77 -0.00207  3.90820e+00 | 78  0.00841  5.27633e+00
 79  0.00129  2.74078e+00 | 80  0.00117  1.57387e+00 | 81 -0.00166  1.42542e+00
 82 -0.00803  2.21527e+00 | 83  0.04142  1.29318e+01 | 84  0.10323 -3.33033e+00
 85  0.14935  2.07157e+01 | 86 -0.13018  2.93323e+00 | 87 -0.14854  3.51350e+00
 88 -0.11313  2.84744e+00 | 89 -0.02361  4.22158e+00 | 90 -0.15912  6.61868e-01
 91  0.05789 -3.71455e+00 | 92  0.11202 -1.12681e+01 | 93 -0.02949 -3.10932e+00
 94  0.04039 -7.53690e+00 | 95  0.10890 -1.48204e+01 | 96  0.03647 -7.04732e+00
 97 -0.01326 -4.89886e+00 | 98  0.07731 -1.08713e+01 | 99  0.03961 -7.72389e+00
100 -0.04993 -3.28960e-01 |101  0.06227 -8.54476e+00 |102 -0.00568 -3.26877e+00
103 -0.03909 -1.77555e+00 |104  0.02269 -4.04505e+00 |105  0.10235 -5.71250e+00
106 -0.01953 -3.47645e-01 |107  0.01073 -4.11022e-01 |108  0.00429  7.65533e-01
109 -0.05244 -7.51127e-01 |110 -0.08989  3.70842e-01 |111 -0.03913 -1.10768e+00
112  0.03166 -1.17631e+00 |113  0.06348 -4.82541e-01 |114  0.03919  8.41962e-01
115 -0.03535  1.79481e+00 |116 -0.05101  2.01049e+00 |117 -0.04228  2.94659e+00
118  0.09136  3.08013e+00 |119 -0.10621  4.52584e+00 |120  0.05591  2.69158e+00
121 -0.11637  3.24041e+00 |122  0.17936  8.00101e+00 |123 -0.07573  1.94885e+00
124  0.11540  8.26180e+00 |125 -0.24537  2.62633e+00 |126 -0.23930  1.36400e+00
127  0.23401  5.89347e+00 |128  0.08102  1.33585e+00 |129 -0.65813 -2.26583e+00
130 -0.14007  6.45345e+00 |131 -0.40962  3.59292e+00 |132 -0.04005  1.13063e-02
133 -0.41845  1.43484e+00 |134 -0.27825  7.17800e-01 |135 -0.46485 -1.35258e-01
136 -1.27170 -2.70457e-01 |137  0.27691 -5.05044e+00 |138 -0.00006 -3.81787e-07
139  0.04273  4.36902e+00 |140 -0.52002  2.46569e-04 |141 -0.55458  5.07642e-05
142  0.06931 -1.58091e+01 |143 -0.38184  1.01170e+00 |144 -0.09310  7.77682e+00
145  0.14887 -3.86883e-01 |146 -0.32171 -2.73092e-02 |147  0.22716 -1.60115e+01
148  0.00016 -2.59467e-07 |149 -0.02262  2.95134e+01 |150  0.21541  1.99085e+00
151  0.00017 -1.40178e-06 |152 -0.03381  1.66698e+00 |153 -0.45316 -5.00553e-02
154  0.00002  1.79512e-07 |155 -0.29998  4.99725e-01 |156 -0.06049 -5.07384e+00
157 -0.68353 -1.33076e-01 |158  0.52206  4.30242e-02 |159 -0.52524  7.29165e-01
160  0.02155  1.36524e-01 |161 -0.12322 -5.74352e-01 |162  0.02462 -3.12585e-02
163 -0.00819 -4.84092e-02 |164 -0.00992 -3.17318e-01 |165 -0.17710  3.23690e-01
166 -0.00404 -3.02178e+00 |167  0.12102  3.85579e+00 |168 -0.04688 -1.25784e+01
169  0.06049  1.73276e+00 |170  0.10970  5.32541e+00 |171  3.88584  6.33278e-01
172  3.59169  2.47678e-02 |173  0.10797  2.47795e+00 |174  0.00683 -3.67500e+01
175  0.00181 -3.40053e+00 |176  0.10615 -1.16630e+01 |177  0.09402  6.03050e+01
178  0.06864 -3.08294e+00 |179 -0.05538  8.01357e+00 |180 -0.07416 -3.60418e+01
181 -0.09637  5.94527e+00 |182  0.03491  1.19782e+00 |183 -0.11655  6.11621e+00
184  0.31243  1.17388e-03 |185 -0.14951  5.86448e-01 |186 -0.02573  1.04328e+01
187  0.51188 -2.52628e-03 |188  0.10473 -8.54905e+00 |189  0.11877  6.73622e-02
190  0.98580 -4.72257e-01 |191 -0.21148  1.25291e+01 |
191 variables; iteration 220; function evaluation 287; phase 5
Function value 5.2967178e+04; maximum gradient component mag -5.8454e+01
Var    Value     Gradient |Var    Value     Gradient |Var    Value     Gradient
  1  0.00093  3.02836e+00 |  2 -0.17432 -1.55517e+00 |  3  0.14248  1.02918e+01
  4 -0.10453 -1.85563e+00 |  5 -0.34551 -1.92761e-01 |  6 -0.62089  1.67309e+01
  7  0.04886  3.25713e+00 |  8 -0.16384 -1.45157e+00 |  9 -0.17607 -1.72333e+00
 10  0.11386 -7.71654e-01 | 11 -0.42140 -2.30130e-01 | 12 -0.56215 -1.58516e+00
 13  0.04363 -5.84535e+01 | 14  0.00277  1.85189e-01 | 15  0.00261  1.66265e-01
 16 -0.00015 -2.95416e-01 | 17  0.00172  2.31761e-02 | 18  0.00449  4.89420e-01
 19  0.00004 -2.71048e-01 | 20  0.00217  7.89539e-02 | 21 -0.00182 -6.07715e-01
 22  0.00280  1.62187e-01 | 23  0.00418  3.85974e-01 | 24  0.00140 -8.59137e-02
 25  0.00214  4.30683e-02 | 26  0.00592  6.92715e-01 | 27  0.00331  2.74370e-01
 28  0.00901  1.26919e+00 | 29 -0.00236 -6.18592e-01 | 30 -0.00370 -8.08552e-01
 31  0.00227  2.41263e-01 | 32 -0.00092 -2.76521e-01 | 33 -0.00663 -1.23271e+00
 34  0.00218  2.83854e-01 | 35  0.00241  3.36175e-01 | 36  0.00411  6.42023e-01
 37  0.00669  1.10133e+00 | 38 -0.01008 -1.74511e+00 | 39  0.00720  1.23997e+00
 40 -0.00466 -7.59894e-01 | 41 -0.00035  1.60049e-02 | 42 -0.00283 -3.67731e-01
 43 -0.00355 -4.46530e-01 | 44 -0.00257 -2.30414e-01 | 45 -0.00348 -3.39026e-01
 46 -0.00105  1.34415e-01 | 47 -0.00231 -2.87483e-02 | 48 -0.00265 -2.89744e-02
 49 -0.00377 -1.62931e-01 | 50 -0.00399 -1.32611e-01 | 51 -0.00382 -2.82515e-02
 52 -0.00557 -2.52866e-01 | 53 -0.00745 -4.87463e-01 | 54 -0.00560 -4.46936e-02
 55 -0.00773 -2.93189e-01 | 56 -0.00795 -1.81319e-01 | 57 -0.00990 -3.62853e-01
 58 -0.00998 -1.94538e-01 | 59 -0.01103 -1.90247e-01 | 60 -0.01249 -2.58023e-01
 61 -0.01329 -2.06656e-01 | 62 -0.01457 -2.46899e-01 | 63 -0.01749 -6.05824e-01
 64 -0.01601 -1.53708e-01 | 65 -0.01788 -3.83569e-01 | 66 -0.01748 -2.55311e-01
 67 -0.01649 -1.24244e-01 | 68 -0.01473  4.25137e-03 | 69 -0.01406 -2.53394e-01
 70 -0.01145 -3.18745e-01 | 71 -0.00799 -3.31606e-01 | 72 -0.00498 -3.42992e-01
 73 -0.00074  2.04111e-01 | 74 -0.00411 -6.79588e-02 | 75 -0.00729 -1.39290e-02
 76 -0.01080 -2.63324e-01 | 77 -0.00972 -3.53347e-01 | 78 -0.00582 -4.50425e-01
 79  0.00045 -2.31298e-01 | 80  0.00788  1.79811e-01 | 81  0.00306 -3.97376e-01
 82 -0.00537 -6.35576e-01 | 83  0.00031  2.06475e+00 | 84  0.13316 -5.12206e+00
 85  0.12952  1.81800e+00 | 86 -0.12672  3.66846e-01 | 87 -0.15280  1.34065e-01
 88 -0.11418  6.45416e-01 | 89 -0.02787 -1.00249e+00 | 90 -0.15858  7.27129e-01
 91  0.05530 -2.01635e+00 | 92  0.10973 -2.99471e+00 | 93 -0.03134 -4.61463e-01
 94  0.03851 -1.25769e+00 | 95  0.10735 -2.90913e+00 | 96  0.03480 -1.28672e+00
 97 -0.01411 -7.23839e-01 | 98  0.07645 -1.71162e+00 | 99  0.04000 -3.62596e-01
100 -0.05259  4.45325e-01 |101  0.06337 -6.68120e-01 |102 -0.00480  4.53117e-01
103 -0.03787  3.92009e-01 |104  0.02578  5.66864e-01 |105  0.10614  6.20930e-01
106 -0.01595  7.70827e-01 |107  0.01542  1.22954e+00 |108  0.00726  1.07486e+00
109 -0.04620  1.56640e+00 |110 -0.08796  9.95248e-01 |111 -0.03324  1.83801e+00
112  0.03452  1.98785e+00 |113  0.06576  1.52408e+00 |114  0.04111  1.29606e+00
115 -0.03448  1.11625e+00 |116 -0.04988  9.94332e-01 |117 -0.04329  9.61713e-01
118  0.09186  4.31212e-01 |119 -0.11318  3.45512e-01 |120  0.05591  6.19487e-01
121 -0.12094  3.87497e-01 |122  0.17697  4.82115e-02 |123 -0.07715  7.06394e-01
124  0.11087 -2.94385e-01 |125 -0.24985  7.85634e-01 |126 -0.24057  1.02433e+00
127  0.22982  2.59428e-01 |128  0.07788  9.60718e-01 |129 -0.64731  2.03466e-01
130 -0.14287  9.79550e-01 |131 -0.43159 -6.52355e-01 |132 -0.03570  9.44058e-02
133 -0.43030  1.12692e-01 |134 -0.28731 -5.79205e-02 |135 -0.48118 -5.43596e-03
136 -1.17773 -5.90341e-02 |137  0.29248  8.54004e-02 |138 -0.00004 -2.95670e-07
139  0.04625  2.47818e-01 |140 -0.49568  4.92243e-04 |141 -0.58414 -7.63735e-04
142  0.07644  3.02621e+00 |143 -0.36829  1.01868e+00 |144 -0.08718 -1.45931e+00
145  0.13531  3.71463e-02 |146 -0.42924 -7.61493e-03 |147  0.22550 -1.90554e+00
148  0.00018 -1.59201e-07 |149 -0.02354  3.68743e+00 |150  0.21590  7.28857e+00
151  0.00027 -9.01814e-07 |152 -0.03437 -8.67272e+00 |153 -0.45492  9.04909e-02
154  0.00000  1.06076e-07 |155 -0.31155  1.42830e-01 |156 -0.05987  2.95698e-01
157 -0.68367 -2.42060e-01 |158  0.52248  4.23780e-02 |159 -0.52792 -3.07776e-01
160  0.01811  9.46312e-02 |161 -0.12276  1.14714e-03 |162  0.02465 -3.47420e-01
163 -0.00711 -5.31089e-02 |164 -0.00958 -1.58560e-01 |165 -0.17724 -2.16811e-01
166 -0.00466 -3.27396e-01 |167  0.12239  9.24336e-01 |168 -0.04653 -1.71797e+00
169  0.08531 -1.17373e-01 |170 -0.01430  1.40571e-01 |171  3.67423  1.21365e-01
172  4.04397  2.86169e-01 |173  0.10765 -1.84302e-01 |174  0.00931 -8.33113e+00
175  0.00168 -1.17201e+00 |176  0.11271  8.29804e+00 |177  0.09339  4.43004e+00
178  0.05832 -4.25336e-02 |179 -0.05178 -4.85271e+00 |180 -0.07449  1.28638e+00
181 -0.11190 -5.18685e-01 |182  0.01320  1.82965e+00 |183 -0.12105  1.26134e+00
184  0.21082  3.31665e-04 |185 -0.11353  1.56060e+00 |186 -0.02395 -8.18692e-02
187  0.53784 -1.31449e-03 |188  0.10485 -3.45218e+00 |189  0.11878  1.06697e-01
190  1.01149  4.11874e-01 |191 -0.21338  1.43735e+01 |
191 variables; iteration 240; function evaluation 323; phase 5
Function value 5.2966870e+04; maximum gradient component mag -3.1498e+01
Var    Value     Gradient |Var    Value     Gradient |Var    Value     Gradient
  1  0.01091  4.18984e+00 |  2 -0.17485 -4.51038e-01 |  3  0.14264 -5.15848e+00
  4 -0.10469 -2.25894e+00 |  5 -0.34471  3.00111e-01 |  6 -0.62177 -2.77288e+00
  7  0.05954  3.59238e+00 |  8 -0.16399 -3.03666e-01 |  9 -0.17591 -3.42522e-01
 10  0.11357 -2.98361e-01 | 11 -0.42128  1.46177e-01 | 12 -0.56233 -6.18845e-02
 13  0.04745 -3.14982e+01 | 14  0.00033 -2.87335e-01 | 15  0.00225  4.31944e-02
 16  0.00136 -1.04915e-01 | 17  0.00152 -7.95761e-02 | 18  0.00094 -1.85068e-01
 19  0.00271  1.00237e-01 | 20  0.00202 -3.16389e-02 | 21  0.00203 -4.88373e-02
 22  0.00265  3.84331e-02 | 23  0.00253  4.50458e-03 | 24  0.00347  1.56031e-01
 25  0.00268  2.38144e-02 | 26  0.00033 -3.59169e-01 | 27  0.00136 -1.61949e-01
 28  0.00040 -2.86816e-01 | 29  0.00024 -2.69808e-01 | 30 -0.00021 -2.99547e-01
 31  0.00118 -2.15715e-02 | 32 -0.00138 -4.25630e-01 | 33  0.00081 -3.57965e-02
 34  0.00118  4.34015e-02 | 35  0.00251  2.82294e-01 | 36 -0.00109 -3.17849e-01
 37  0.00048 -3.16325e-02 | 38  0.00041 -2.18208e-02 | 39  0.00001 -6.18232e-02
 40  0.00091  1.26201e-01 | 41 -0.00018 -2.10267e-02 | 42  0.00170  3.46045e-01
 43  0.00002  1.05269e-01 | 44 -0.00125 -6.36602e-02 | 45 -0.00084  5.55892e-02
 46 -0.00228 -1.43149e-01 | 47 -0.00272 -1.67486e-01 | 48 -0.00324 -2.01827e-01
 49 -0.00285 -7.36799e-02 | 50 -0.00342 -1.12382e-01 | 51 -0.00300  2.91226e-02
 52 -0.00366 -9.32690e-03 | 53 -0.00294  2.07447e-01 | 54 -0.00441  5.43287e-02
 55 -0.00476  1.17207e-01 | 56 -0.00562  1.09346e-01 | 57 -0.00650  1.14426e-01
 58 -0.00818 -1.14039e-02 | 59 -0.00910  9.19124e-03 | 60 -0.01044 -4.28021e-02
 61 -0.01212 -1.62026e-01 | 62 -0.01335 -2.02084e-01 | 63 -0.01199  2.39917e-01
 64 -0.01600 -3.58254e-01 | 65 -0.01554 -1.54169e-01 | 66 -0.01637 -2.67715e-01
 67 -0.01674 -4.04929e-01 | 68 -0.01504 -2.94899e-01 | 69 -0.01059  1.54201e-01
 70 -0.00743  1.76895e-01 | 71 -0.00363  2.07264e-01 | 72  0.00011  3.11616e-01
 73 -0.00057  1.18610e-02 | 74 -0.00507 -4.23988e-01 | 75 -0.00855 -3.75814e-01
 76 -0.00758  2.69802e-01 | 77 -0.00858 -1.20822e-01 | 78 -0.00203  3.02192e-01
 79  0.00072 -1.13242e-01 | 80  0.00546 -2.44354e-01 | 81  0.00155 -8.13764e-01
 82 -0.00406 -4.95481e-01 | 83 -0.01965 -5.77438e-01 | 84  0.14630 -2.20637e-02
 85  0.11690 -3.03629e+00 | 86 -0.12402 -2.49325e-01 | 87 -0.15263  7.43664e-02
 88 -0.11667  2.43207e-01 | 89 -0.02953  2.34572e-01 | 90 -0.16112  1.94639e-01
 91  0.05384  2.41839e-01 | 92  0.10847  3.99767e-02 | 93 -0.03229  2.17219e-01
 94  0.03737 -4.39772e-01 | 95  0.10631 -1.14354e+00 | 96  0.03369 -5.57200e-01
 97 -0.01476 -2.11489e-01 | 98  0.07561 -1.74374e+00 | 99  0.03926 -1.40693e+00
100 -0.05318 -4.91055e-01 |101  0.06321 -1.48491e+00 |102 -0.00538 -7.94492e-01
103 -0.03688  3.16611e-02 |104  0.02634 -2.90700e-01 |105  0.10727 -3.58284e-01
106 -0.01433  1.64830e-01 |107  0.01668 -1.21313e-01 |108  0.00910  1.88734e-02
109 -0.04493  2.20867e-01 |110 -0.08532  1.74244e-01 |111 -0.03250 -1.30077e-01
112  0.03571 -1.35722e-01 |113  0.06701  6.77655e-02 |114  0.04189 -5.11817e-02
115 -0.03388  1.42189e-01 |116 -0.04944  1.39361e-01 |117 -0.04322  8.40050e-02
118  0.09217  7.13659e-01 |119 -0.11211  4.18508e-01 |120  0.05581  8.24944e-01
121 -0.11976  4.77717e-01 |122  0.17675  1.01175e+00 |123 -0.07761  9.98899e-02
124  0.11072  1.53659e+00 |125 -0.25073  1.61219e-01 |126 -0.24253  3.16985e-01
127  0.22843  1.07942e+00 |128  0.07732  1.54319e-01 |129 -0.64857 -1.32666e-01
130 -0.14576 -1.88914e+00 |131 -0.42879 -1.82830e-01 |132 -0.03879 -3.69735e-02
133 -0.44328 -4.86575e-01 |134 -0.28910 -1.23745e-01 |135 -0.48924 -6.49510e-02
136 -1.09591  1.19770e-02 |137  0.29346 -5.06337e-02 |138 -0.00002 -1.66221e-07
139  0.04646 -1.10375e-01 |140 -0.50459  6.68660e-04 |141 -0.57167 -1.85662e-04
142  0.07471 -2.98038e+00 |143 -0.44897  2.95374e-01 |144 -0.08854  1.80685e+00
145  0.13989 -3.39984e-01 |146 -0.55245 -5.54868e-03 |147  0.22474 -2.07613e+00
148  0.00020 -4.89331e-08 |149 -0.02405  1.19705e+00 |150  0.21324 -1.08605e+00
151  0.00036 -3.39553e-07 |152 -0.03528  1.63919e+00 |153 -0.46078 -1.34046e+00
154 -0.00001  3.11996e-08 |155 -0.33209  5.14670e-01 |156 -0.06010  2.94318e+00
157 -0.68348  4.80714e-02 |158  0.52151 -1.66767e-01 |159 -0.52497  1.24685e-01
160  0.01509 -1.65114e-01 |161 -0.12337  2.52171e-01 |162  0.02325 -3.88813e-01
163 -0.00449  1.09358e-01 |164 -0.00984  1.23501e-01 |165 -0.17745  7.02979e-01
166 -0.00440 -6.40908e-01 |167  0.12110 -2.32887e+00 |168 -0.04756  1.95007e+00
169  0.10519  2.25124e-01 |170  0.03996 -4.90197e-01 |171  3.53645 -5.60273e-02
172  3.72666  3.34305e-03 |173  0.10738 -4.20952e-01 |174  0.00804 -4.92290e+00
175  0.00142  2.27736e-02 |176  0.11011  2.65912e-01 |177  0.09331  4.26167e+00
178  0.05906  3.06063e-01 |179 -0.05359  2.50542e-01 |180 -0.07472 -1.49040e+00
181 -0.11096 -4.85156e-01 |182  0.02927  9.12709e-01 |183 -0.12147  5.14130e-01
184  0.12645  5.61215e-04 |185 -0.14243  2.40754e-01 |186 -0.02481  1.38797e-01
187  0.56956  3.69303e-04 |188  0.10490 -1.23233e+00 |189  0.11857 -1.94864e-01
190  1.02362 -9.22927e-03 |191 -0.21839 -2.76683e+00 |
191 variables; iteration 260; function evaluation 350; phase 5
Function value 5.2966778e+04; maximum gradient component mag -1.4431e+01
Var    Value     Gradient |Var    Value     Gradient |Var    Value     Gradient
  1  0.01325  4.15123e+00 |  2 -0.17490  1.32951e+00 |  3  0.14261 -9.49355e-01
  4 -0.10450  1.13260e+00 |  5 -0.34521  4.66883e-02 |  6 -0.62172 -1.46226e+00
  7  0.06182  2.27968e+00 |  8 -0.16403  9.91551e-01 |  9 -0.17601 -1.51835e+00
 10  0.11372  4.10444e-02 | 11 -0.42145  6.71588e-02 | 12 -0.56231  4.53496e-01
 13  0.04832 -1.44305e+01 | 14  0.00061 -2.39711e-01 | 15  0.00179 -3.51305e-02
 16  0.00231  5.41578e-02 | 17  0.00223  3.83791e-02 | 18  0.00165 -6.73132e-02
 19  0.00160 -8.84904e-02 | 20  0.00156 -1.13201e-01 | 21  0.00267  5.58435e-02
 22  0.00289  7.41890e-02 | 23  0.00302  8.15665e-02 | 24  0.00343  1.42843e-01
 25  0.00296  6.40181e-02 | 26  0.00118 -2.23324e-01 | 27  0.00137 -1.67356e-01
 28  0.00104 -1.86432e-01 | 29  0.00119 -1.14137e-01 | 30  0.00063 -1.62519e-01
 31  0.00142  1.35132e-02 | 32 -0.00052 -2.84637e-01 | 33  0.00092 -2.16237e-02
 34  0.00089 -1.23741e-02 | 35  0.00175  1.45989e-01 | 36 -0.00062 -2.43587e-01
 37  0.00032 -6.73683e-02 | 38  0.00043 -2.65670e-02 | 39  0.00001 -7.06528e-02
 40  0.00081  1.01992e-01 | 41 -0.00048 -8.02233e-02 | 42  0.00108  2.32472e-01
 43 -0.00019  5.98752e-02 | 44 -0.00125 -7.27814e-02 | 45 -0.00074  6.32790e-02
 46 -0.00243 -1.79283e-01 | 47 -0.00239 -1.19635e-01 | 48 -0.00300 -1.71145e-01
 49 -0.00264 -5.02089e-02 | 50 -0.00319 -8.44403e-02 | 51 -0.00291  3.04648e-02
 52 -0.00335  2.82245e-02 | 53 -0.00348  9.50374e-02 | 54 -0.00499 -6.80060e-02
 55 -0.00586 -9.95164e-02 | 56 -0.00671 -1.10685e-01 | 57 -0.00702 -3.51050e-03
 58 -0.00798 -2.11812e-03 | 59 -0.00962 -1.14995e-01 | 60 -0.01050 -8.50485e-02
 61 -0.01159 -9.66934e-02 | 62 -0.01240 -6.07574e-02 | 63 -0.01276  5.38213e-02
 64 -0.01488 -1.87597e-01 | 65 -0.01464 -2.68015e-02 | 66 -0.01528 -1.09441e-01
 67 -0.01503 -1.32727e-01 | 68 -0.01383 -1.21383e-01 | 69 -0.01110 -3.65829e-03
 70 -0.00812 -1.78055e-02 | 71 -0.00444 -1.12164e-02 | 72 -0.00128 -1.27107e-02
 73 -0.00069 -9.54221e-02 | 74 -0.00321 -1.86812e-01 | 75 -0.00700 -1.88893e-01
 76 -0.00872 -4.27429e-02 | 77 -0.00814 -1.60601e-01 | 78 -0.00346 -7.84544e-02
 79  0.00037 -2.62450e-01 | 80  0.00396 -4.54795e-01 | 81  0.00402 -2.35088e-01
 82 -0.00218 -1.31534e-01 | 83 -0.02047 -1.19682e+00 | 84  0.14202 -1.92159e+00
 85  0.12001 -6.73395e-01 | 86 -0.12563 -2.37245e-01 | 87 -0.15373 -1.33960e-01
 88 -0.11707  2.55872e-01 | 89 -0.03038 -4.43561e-02 | 90 -0.16166 -1.12091e-01
 91  0.05320 -2.53607e-01 | 92  0.10795 -2.27154e-01 | 93 -0.03283 -5.51679e-02
 94  0.03697 -1.33823e-01 | 95  0.10587 -3.16007e-01 | 96  0.03331 -2.35210e-01
 97 -0.01524 -8.57194e-02 | 98  0.07543 -7.75513e-02 | 99  0.03914  2.57590e-02
100 -0.05296  2.23165e-01 |101  0.06322 -7.52374e-02 |102 -0.00478 -5.10889e-02
103 -0.03698 -2.03852e-01 |104  0.02707 -4.25389e-01 |105  0.10799 -1.38371e+00
106 -0.01366 -6.34547e-01 |107  0.01762 -7.82875e-01 |108  0.00992 -5.04050e-01
109 -0.04414  6.68260e-02 |110 -0.08468  1.79943e-01 |111 -0.03197 -2.22403e-02
112  0.03654  2.64655e-01 |113  0.06747  2.04213e-01 |114  0.04249  2.35620e-01
115 -0.03366  1.47084e-01 |116 -0.04914  5.09828e-01 |117 -0.04267  7.09687e-01
118  0.09226  1.20402e+00 |119 -0.11180  2.42716e-01 |120  0.05580  2.31854e-02
121 -0.11985  7.98815e-02 |122  0.17674  7.60237e-01 |123 -0.07737  1.57735e-02
124  0.11048  3.61363e-01 |125 -0.25055  3.61710e-02 |126 -0.24291  1.66902e-02
127  0.22812  6.23710e-01 |128  0.07726 -3.52393e-02 |129 -0.64764  1.63399e-02
130 -0.14615 -8.56631e-01 |131 -0.42823 -6.69344e-02 |132 -0.03658  1.61954e-02
133 -0.44360 -2.35787e-01 |134 -0.28618  1.57388e-01 |135 -0.49485 -2.40794e-02
136 -1.04237  5.69600e-03 |137  0.29397  1.47826e-01 |138  0.00004  9.85791e-08
139  0.04668 -1.00931e+00 |140 -0.55729 -1.41054e-03 |141 -0.53001 -4.75217e-04
142  0.07480 -1.70564e+00 |143 -0.75784 -5.67617e-04 |144 -0.08858  9.25233e-01
145  0.14124 -1.63938e-01 |146 -0.60626 -5.24647e-03 |147  0.22470 -2.40402e+00
148  0.00022  4.32076e-08 |149 -0.02399  3.71036e+00 |150  0.21314  8.06674e-01
151  0.00050  3.03964e-07 |152 -0.03546 -1.31504e+00 |153 -0.47010 -3.83559e-01
154 -0.00002 -3.89738e-08 |155 -0.40566  5.32893e-02 |156 -0.06011  4.80140e-01
157 -0.68391 -2.10493e-01 |158  0.52156 -1.39908e-01 |159 -0.52468 -1.26511e-02
160  0.01607 -3.68772e-02 |161 -0.12349  9.72008e-02 |162  0.02341 -2.51345e-02
163 -0.00668 -5.34543e-02 |164 -0.00999 -1.21632e-01 |165 -0.17733  1.24889e-02
166 -0.00454 -2.36154e-01 |167  0.12076 -1.81108e+00 |168 -0.04808  1.47519e+00
169  0.10243  4.36011e-01 |170  0.06958  1.47467e+00 |171  3.56856  3.69128e-02
172  2.83048  1.14164e-02 |173  0.10763 -5.42866e-01 |174  0.00916  2.08567e+00
175  0.00139  1.07227e-01 |176  0.11022 -2.18101e+00 |177  0.09316 -3.76054e+00
178  0.05976 -1.05872e+01 |179 -0.05364  4.40600e-01 |180 -0.07488  1.76551e+00
181 -0.11016  5.20659e+00 |182  0.02880 -9.37507e-01 |183 -0.12043 -2.67785e-01
184 -0.65242 -5.23607e-02 |185 -0.14262 -3.92854e-01 |186 -0.02485 -7.18164e-01
187  0.20415  1.62351e-01 |188  0.10493 -5.36161e-01 |189  0.11870 -3.53741e-03
190  1.02702  4.90849e-02 |191 -0.21930 -2.47610e+00 |
191 variables; iteration 280; function evaluation 378; phase 5
Function value 5.2966642e+04; maximum gradient component mag -6.9910e+00
Var    Value     Gradient |Var    Value     Gradient |Var    Value     Gradient
  1  0.00970  8.57658e-01 |  2 -0.17507 -1.09638e-01 |  3  0.14228 -5.33469e-01
  4 -0.10413 -2.73123e-01 |  5 -0.34487 -8.37575e-02 |  6 -0.62195 -3.65665e-01
  7  0.05856  6.03304e-01 |  8 -0.16398 -6.30859e-02 |  9 -0.17549 -3.29080e-01
 10  0.11326 -1.29305e-01 | 11 -0.42115 -2.81141e-02 | 12 -0.56284 -2.04229e-02
 13  0.04736 -6.99097e+00 | 14  0.00190 -1.38570e-02 | 15  0.00193 -3.10996e-03
 16  0.00197  5.34616e-03 | 17  0.00196  2.82604e-03 | 18  0.00196 -4.13169e-03
 19  0.00204 -2.86772e-03 | 20  0.00212 -6.43138e-03 | 21  0.00228  3.82751e-03
 22  0.00238  3.12056e-03 | 23  0.00248  6.62376e-03 | 24  0.00253  8.87779e-03
 25  0.00250  4.86149e-03 | 26  0.00232 -1.30932e-02 | 27  0.00221 -8.83619e-03
 28  0.00201 -5.60295e-03 | 29  0.00179  1.66071e-03 | 30  0.00147 -5.21953e-03
 31  0.00130  7.48933e-03 | 32  0.00099 -1.49917e-02 | 33  0.00097 -1.76973e-04
 34  0.00087 -1.81197e-03 | 35  0.00085  7.06905e-03 | 36  0.00063 -1.58961e-02
 37  0.00059 -4.69921e-03 | 38  0.00048 -8.38902e-04 | 39  0.00029 -5.93889e-03
 40  0.00014  4.23911e-03 | 41 -0.00019 -1.31861e-02 | 42 -0.00034  5.10739e-03
 43 -0.00066 -1.51539e-03 | 44 -0.00099 -8.90458e-03 | 45 -0.00123 -6.26451e-04
 46 -0.00161 -1.52799e-02 | 47 -0.00189 -9.59470e-03 | 48 -0.00224 -1.21424e-02
 49 -0.00256 -7.75732e-03 | 50 -0.00296 -1.30038e-02 | 51 -0.00330 -3.39944e-03
 52 -0.00375 -4.07428e-03 | 53 -0.00430 -8.51067e-03 | 54 -0.00493 -1.03280e-02
 55 -0.00567 -1.56709e-02 | 56 -0.00652 -2.04200e-02 | 57 -0.00740 -1.15580e-02
 58 -0.00837 -5.65716e-03 | 59 -0.00946 -1.27804e-02 | 60 -0.01054 -1.36052e-02
 61 -0.01159 -1.01015e-02 | 62 -0.01266 -1.52414e-02 | 63 -0.01376 -3.29177e-02
 64 -0.01461 -2.65620e-02 | 65 -0.01525 -2.58865e-02 | 66 -0.01552 -2.70467e-02
 67 -0.01513 -1.52126e-02 | 68 -0.01405 -1.89755e-02 | 69 -0.01206 -2.67615e-02
 70 -0.00907 -2.51323e-02 | 71 -0.00553 -2.73731e-02 | 72 -0.00252 -3.61599e-02
 73 -0.00152 -3.62458e-02 | 74 -0.00348 -2.89658e-02 | 75 -0.00731 -4.39423e-02
 76 -0.00982 -4.90795e-02 | 77 -0.00872 -6.99495e-02 | 78 -0.00446 -5.04875e-02
 79  0.00026 -6.15151e-02 | 80  0.00462 -1.15390e-01 | 81  0.00353 -7.25863e-02
 82 -0.00388 -7.80497e-02 | 83 -0.01769 -1.64610e-01 | 84  0.14302 -2.36290e-01
 85  0.11963 -3.43482e-01 | 86 -0.12471 -4.39361e-03 | 87 -0.15298  1.77908e-02
 88 -0.11699  1.62637e-02 | 89 -0.02968 -7.76270e-02 | 90 -0.16107  1.26752e-02
 91  0.05374 -1.79896e-01 | 92  0.10842 -2.87866e-01 | 93 -0.03240 -5.32051e-02
 94  0.03745 -1.30854e-01 | 95  0.10638 -2.74786e-01 | 96  0.03384 -1.28800e-01
 97 -0.01476 -5.16013e-02 | 98  0.07593 -1.33093e-01 | 99  0.03962 -4.80466e-02
100 -0.05288  1.74784e-02 |101  0.06364 -5.11714e-02 |102 -0.00463  5.94567e-03
103 -0.03676  2.85204e-02 |104  0.02706  4.26117e-02 |105  0.10796  5.77899e-02
106 -0.01384  6.89263e-02 |107  0.01734  8.31716e-02 |108  0.00935  9.16525e-02
109 -0.04551  8.27888e-02 |110 -0.08562  7.01317e-02 |111 -0.03182  4.77010e-02
112  0.03559  7.33571e-02 |113  0.06712  8.06328e-02 |114  0.04185  8.71144e-02
115 -0.03425  7.92954e-02 |116 -0.04997  9.32433e-02 |117 -0.04330  8.67955e-02
118  0.09200  9.85823e-02 |119 -0.11230  6.71536e-02 |120  0.05555  6.76294e-02
121 -0.12018  5.92621e-02 |122  0.17639  1.09891e-01 |123 -0.07749  6.97059e-02
124  0.11017  6.35017e-02 |125 -0.25043  5.47437e-02 |126 -0.24281  4.59995e-02
127  0.22804  5.30693e-02 |128  0.07763  6.48695e-02 |129 -0.64778  1.98994e-02
130 -0.14592 -1.24404e-01 |131 -0.42780 -1.44965e-02 |132 -0.03772  2.81570e-03
133 -0.44207 -2.64481e-02 |134 -0.28778  1.44863e-02 |135 -0.49271 -5.51758e-03
136 -1.09259 -2.14959e-03 |137  0.29381  4.76749e-03 |138  0.00004  8.90107e-08
139  0.04693  7.78865e-02 |140 -0.52503 -1.04681e-04 |141 -0.55290 -1.41365e-04
142  0.07507 -2.04766e-02 |143 -0.78026 -2.03866e-03 |144 -0.08837  8.65179e-03
145  0.13988 -1.22548e-03 |146 -0.59343 -5.01073e-03 |147  0.22390 -3.67849e-01
148  0.00021  3.81245e-08 |149 -0.02430  5.55936e-01 |150  0.21298  9.98118e-02
151  0.00048  2.37055e-07 |152 -0.03545 -1.97163e-01 |153 -0.47136  9.12685e-02
154 -0.00002 -2.20806e-08 |155 -0.41837  2.44809e-03 |156 -0.06007 -5.72968e-02
157 -0.68313 -1.84112e-02 |158  0.52295 -8.10872e-03 |159 -0.52495 -1.29171e-02
160  0.01669 -6.68420e-03 |161 -0.12336  1.45985e-02 |162  0.02330 -5.53297e-02
163 -0.00621 -5.22360e-03 |164 -0.01021 -1.75667e-02 |165 -0.17739  8.13819e-03
166 -0.00501 -5.76650e-02 |167  0.12077 -1.49108e-01 |168 -0.04805  1.36424e-01
169  0.10018  6.61289e-02 |170  0.06789  1.81512e-01 |171  3.57125  1.90858e-03
172  2.80649  6.46022e-03 |173  0.10750 -1.40093e-01 |174  0.00836 -6.55801e-01
175  0.00134 -2.44024e-02 |176  0.11076  8.47619e-02 |177  0.09327 -5.62383e-01
178  0.08272 -1.61878e-01 |179 -0.05319 -8.45682e-02 |180 -0.07475  2.44841e-01
181 -0.09242  4.99190e-02 |182  0.02530 -8.02953e-03 |183 -0.12101 -3.06838e-02
184 -1.23504 -9.24663e-03 |185 -0.13443  1.36215e-02 |186 -0.02498 -1.17656e-01
187  0.10291 -1.56590e-02 |188  0.10493 -3.11678e-01 |189  0.11871  3.84630e-03
190  1.02118  1.28175e-01 |191 -0.21779 -2.48823e-01 |
191 variables; iteration 300; function evaluation 398; phase 5
Function value 5.2966641e+04; maximum gradient component mag 1.5593e+00
Var    Value     Gradient |Var    Value     Gradient |Var    Value     Gradient
  1  0.01021 -1.04864e-01 |  2 -0.17505  5.19989e-02 |  3  0.14225 -2.56622e-02
  4 -0.10414  6.48279e-02 |  5 -0.34491 -2.93763e-05 |  6 -0.62196 -7.77074e-02
  7  0.05908 -1.92995e-01 |  8 -0.16398  3.60330e-02 |  9 -0.17549 -6.34391e-03
 10  0.11326  2.27797e-02 | 11 -0.42113  6.38416e-05 | 12 -0.56288 -3.58334e-02
 13  0.04757  1.55930e+00 | 14  0.00199 -7.22045e-04 | 15  0.00194 -2.46842e-03
 16  0.00195  1.00836e-03 | 17  0.00193 -3.69284e-03 | 18  0.00195 -6.94374e-03
 19  0.00206 -9.09596e-04 | 20  0.00216 -7.13665e-04 | 21  0.00227 -9.35390e-04
 22  0.00237 -4.79936e-04 | 23  0.00244 -1.74090e-03 | 24  0.00246 -4.77680e-03
 25  0.00246 -3.24597e-03 | 26  0.00240 -2.66623e-03 | 27  0.00223 -7.06524e-03
 28  0.00201 -7.66663e-03 | 29  0.00177 -3.23786e-03 | 30  0.00148 -4.76951e-03
 31  0.00124 -5.32455e-03 | 32  0.00108 -2.49180e-04 | 33  0.00099  2.06282e-03
 34  0.00088 -3.79279e-04 | 35  0.00081 -1.17712e-03 | 36  0.00071 -4.25220e-03
 37  0.00063  1.33999e-03 | 38  0.00052  4.97656e-03 | 39  0.00031 -2.07787e-03
 40  0.00012  2.54754e-04 | 41 -0.00008  5.69622e-03 | 42 -0.00033  6.61793e-03
 43 -0.00061  6.01368e-03 | 44 -0.00095 -1.60598e-03 | 45 -0.00126 -4.51412e-03
 46 -0.00158 -8.41229e-03 | 47 -0.00191 -1.15561e-02 | 48 -0.00220 -5.29768e-03
 49 -0.00252  1.00324e-03 | 50 -0.00288  2.42932e-03 | 51 -0.00326  4.42924e-03
 52 -0.00371  4.51577e-03 | 53 -0.00419  1.38174e-02 | 54 -0.00494 -1.03071e-02
 55 -0.00562 -4.42585e-03 | 56 -0.00644 -3.11668e-03 | 57 -0.00729  1.21892e-02
 58 -0.00829  1.29081e-02 | 59 -0.00941  2.34288e-03 | 60 -0.01050 -3.38145e-04
 61 -0.01158 -1.24751e-03 | 62 -0.01258  7.22290e-03 | 63 -0.01359  8.20573e-03
 64 -0.01452  1.34883e-03 | 65 -0.01513  8.96064e-03 | 66 -0.01542  6.26049e-03
 67 -0.01515 -3.28343e-03 | 68 -0.01408 -3.91888e-03 | 69 -0.01201  4.82377e-03
 70 -0.00904  7.02367e-03 | 71 -0.00550  8.89614e-03 | 72 -0.00243  1.53989e-02
 73 -0.00151  6.59910e-03 | 74 -0.00358  1.20168e-03 | 75 -0.00731  1.09734e-02
 76 -0.00972  3.23881e-02 | 77 -0.00855  3.34043e-02 | 78 -0.00445  3.78894e-02
 79  0.00008  6.76074e-03 | 80  0.00482  3.37616e-02 | 81  0.00340  3.52875e-02
 82 -0.00409  2.58564e-02 | 83 -0.01703  8.59503e-02 | 84  0.14253  4.67581e-02
 85  0.11980  1.75070e-01 | 86 -0.12486  9.61366e-03 | 87 -0.15312 -9.42070e-04
 88 -0.11712  1.99386e-02 | 89 -0.02979  4.40847e-02 | 90 -0.16116  1.17265e-03
 91  0.05365  7.23445e-02 | 92  0.10835  1.00753e-01 | 93 -0.03246  1.29529e-02
 94  0.03739  3.34184e-02 | 95  0.10633  2.69159e-02 | 96  0.03380 -5.98944e-03
 97 -0.01480 -2.07970e-02 | 98  0.07590 -4.51991e-02 | 99  0.03960 -4.59162e-02
100 -0.05287 -1.45511e-02 |101  0.06365 -5.16070e-02 |102 -0.00460 -3.47353e-02
103 -0.03672 -4.00137e-02 |104  0.02712 -2.53434e-02 |105  0.10805 -2.09781e-02
106 -0.01374 -5.34632e-03 |107  0.01746  1.20980e-02 |108  0.00945 -4.61207e-03
109 -0.04536  1.20139e-02 |110 -0.08552 -2.88150e-02 |111 -0.03169 -5.03656e-02
112  0.03568 -3.27193e-02 |113  0.06721 -2.89582e-02 |114  0.04192 -7.54316e-03
115 -0.03418  4.83152e-03 |116 -0.04996 -2.03001e-02 |117 -0.04323  1.32689e-03
118  0.09203 -2.11576e-02 |119 -0.11225 -1.67273e-03 |120  0.05557 -4.52867e-03
121 -0.12016 -1.98796e-02 |122  0.17639  1.56246e-02 |123 -0.07748 -6.54170e-03
124  0.11016 -1.25123e-03 |125 -0.25044 -1.15244e-02 |126 -0.24278  4.39947e-03
127  0.22802  4.26556e-02 |128  0.07758 -3.04036e-03 |129 -0.64795 -1.83192e-02
130 -0.14605  1.59519e-01 |131 -0.42778 -1.77170e-02 |132 -0.03763  3.21748e-03
133 -0.44217  9.26796e-03 |134 -0.28803 -1.59596e-03 |135 -0.49338  4.81199e-03
136 -1.07663  1.63872e-03 |137  0.29374 -3.32744e-03 |138 -0.00001 -1.10060e-07
139  0.04690  8.95608e-02 |140 -0.52527  1.70360e-05 |141 -0.55158  1.02337e-05
142  0.07515 -9.31394e-02 |143 -0.81976 -6.23319e-03 |144 -0.08828  1.15926e-01
145  0.13973 -1.96682e-02 |146 -0.58056 -4.97993e-03 |147  0.22391 -1.48186e-01
148  0.00019 -4.74234e-08 |149 -0.02430  3.34901e-01 |150  0.21295  1.39916e-01
151  0.00037 -2.91024e-07 |152 -0.03545 -1.68745e-01 |153 -0.47262  5.01988e-02
154 -0.00001  2.70923e-08 |155 -0.43379  2.30963e-03 |156 -0.06007  1.60533e-02
157 -0.68315 -1.98713e-02 |158  0.52301 -5.97880e-03 |159 -0.52478 -6.32507e-04
160  0.01688 -6.42957e-04 |161 -0.12340 -3.24313e-03 |162  0.02331  6.77510e-02
163 -0.00609 -9.21280e-04 |164 -0.01016  7.63505e-04 |165 -0.17741 -1.03262e-02
166 -0.00499  1.95788e-02 |167  0.12074  5.34313e-04 |168 -0.04806  6.32271e-02
169  0.10029  5.98003e-02 |170  0.06680  2.64286e-02 |171  3.57017 -9.06795e-04
172  2.75267  6.56405e-04 |173  0.10754  1.51554e-01 |174  0.00830 -1.18011e-01
175  0.00132 -4.90738e-02 |176  0.11075  4.24554e-04 |177  0.09332  9.47043e-02
178  0.08392  1.08528e-01 |179 -0.05320  1.31093e-03 |180 -0.07471 -3.90196e-02
181 -0.09139 -3.93239e-02 |182  0.02521  3.54252e-04 |183 -0.12158 -3.55935e-02
184 -1.17995 -1.91490e-03 |185 -0.13399  2.64929e-02 |186 -0.02489  3.59397e-02
187  0.10096 -2.88878e-03 |188  0.10493  6.85086e-02 |189  0.11871  3.83877e-03
190  1.01746  7.84106e-02 |191 -0.21770 -9.61280e-02 |
191 variables; iteration 320; function evaluation 418; phase 5
Function value 5.2966640e+04; maximum gradient component mag 5.5504e-01
Var    Value     Gradient |Var    Value     Gradient |Var    Value     Gradient
  1  0.01011 -6.70781e-02 |  2 -0.17506  9.65161e-03 |  3  0.14227  7.83994e-02
  4 -0.10415  3.63509e-02 |  5 -0.34490  6.91259e-03 |  6 -0.62195  4.30259e-02
  7  0.05899 -5.73537e-02 |  8 -0.16398 -5.21020e-05 |  9 -0.17548  5.19813e-02
 10  0.11325  9.22635e-03 | 11 -0.42114  4.81398e-03 | 12 -0.56286  2.17972e-02
 13  0.04753  5.55041e-01 | 14  0.00199 -2.05906e-04 | 15  0.00195 -3.81334e-04
 16  0.00194  7.79007e-04 | 17  0.00195  2.77928e-04 | 18  0.00199 -3.67731e-04
 19  0.00207  4.59294e-04 | 20  0.00216  1.78272e-04 | 21  0.00227  3.27056e-04
 22  0.00237  4.93764e-04 | 23  0.00245  3.96189e-04 | 24  0.00249 -3.51756e-04
 25  0.00248  2.71716e-05 | 26  0.00241 -4.50342e-04 | 27  0.00226 -1.03136e-03
 28  0.00205 -3.37665e-04 | 29  0.00179  5.49480e-04 | 30  0.00151 -2.60680e-04
 31  0.00127  5.16338e-04 | 32  0.00109  1.25033e-03 | 33  0.00098  1.39561e-03
 34  0.00089  4.29451e-04 | 35  0.00081  4.42086e-04 | 36  0.00073 -4.23237e-04
 37  0.00063  7.22472e-04 | 38  0.00050  1.73219e-03 | 39  0.00033  5.11243e-04
 40  0.00012  4.89022e-04 | 41 -0.00011  7.52018e-04 | 42 -0.00037  2.07558e-04
 43 -0.00065  1.88591e-04 | 44 -0.00094 -4.14910e-04 | 45 -0.00123 -3.58879e-04
 46 -0.00154 -1.06796e-03 | 47 -0.00184 -4.48331e-04 | 48 -0.00217  9.49031e-04
 49 -0.00251  1.24776e-03 | 50 -0.00288  1.41649e-03 | 51 -0.00327  2.50677e-03
 52 -0.00372  1.95950e-03 | 53 -0.00426  2.19506e-04 | 54 -0.00488 -6.37536e-04
 55 -0.00560 -6.72083e-04 | 56 -0.00643 -6.45572e-04 | 57 -0.00734  1.87394e-03
 58 -0.00834  3.23455e-03 | 59 -0.00939  3.48267e-03 | 60 -0.01049  2.34631e-04
 61 -0.01155  2.82161e-03 | 62 -0.01259  4.17253e-03 | 63 -0.01362  3.66640e-04
 64 -0.01449  4.26728e-03 | 65 -0.01515  3.88908e-03 | 66 -0.01542  4.00418e-03
 67 -0.01510  4.56156e-03 | 68 -0.01401  5.05281e-03 | 69 -0.01200  3.96591e-03
 70 -0.00902  5.21492e-03 | 71 -0.00549  5.63634e-03 | 72 -0.00246  4.92039e-03
 73 -0.00148  5.95358e-03 | 74 -0.00350  8.39795e-03 | 75 -0.00727  8.49221e-03
 76 -0.00979  7.80088e-03 | 77 -0.00861  8.93481e-03 | 78 -0.00451  1.09227e-02
 79  0.00020  1.15210e-02 | 80  0.00480  1.21714e-02 | 81  0.00339  1.25984e-02
 82 -0.00404  9.26892e-03 | 83 -0.01726  2.50168e-02 | 84  0.14271  8.70469e-03
 85  0.11969  5.72465e-03 | 86 -0.12479 -1.05679e-03 | 87 -0.15306  3.13892e-03
 88 -0.11711  1.67598e-03 | 89 -0.02977  4.61092e-03 | 90 -0.16113  1.45666e-03
 91  0.05367  1.21247e-02 | 92  0.10836  1.80126e-02 | 93 -0.03244  4.76276e-03
 94  0.03740  1.68617e-02 | 95  0.10634  1.85626e-02 | 96  0.03380  6.16156e-03
 97 -0.01479  2.06200e-03 | 98  0.07590  4.52768e-03 | 99  0.03960  4.22223e-03
100 -0.05288  9.92237e-04 |101  0.06365  5.74222e-03 |102 -0.00461 -5.38829e-03
103 -0.03671 -2.36984e-03 |104  0.02711 -4.53382e-03 |105  0.10804 -6.30099e-03
106 -0.01376 -7.12594e-03 |107  0.01744 -1.84384e-03 |108  0.00944 -3.97567e-03
109 -0.04543 -1.25053e-02 |110 -0.08552 -4.02986e-03 |111 -0.03167 -1.89446e-03
112  0.03565 -1.50542e-02 |113  0.06720 -3.99662e-03 |114  0.04191  3.13672e-03
115 -0.03421 -5.37633e-03 |116 -0.04994  3.27251e-05 |117 -0.04326 -7.00493e-04
118  0.09203  1.55460e-03 |119 -0.11229 -4.93019e-03 |120  0.05556  6.18282e-04
121 -0.12014 -1.06581e-03 |122  0.17638 -4.61815e-03 |123 -0.07749 -2.03332e-03
124  0.11015 -6.72491e-03 |125 -0.25043 -1.09089e-04 |126 -0.24283 -4.91373e-03
127  0.22800  4.79934e-03 |128  0.07761 -7.81271e-04 |129 -0.64786 -2.19105e-03
130 -0.14603 -3.97370e-03 |131 -0.42772 -3.37869e-03 |132 -0.03759  4.43428e-03
133 -0.44262  4.62530e-03 |134 -0.28798  1.15000e-03 |135 -0.49344 -5.28877e-03
136 -1.10222 -8.99925e-03 |137  0.29351  7.27430e-03 |138  0.00006  2.26095e-07
139  0.04680 -8.41232e-03 |140 -0.53287 -1.41448e-04 |141 -0.54408  1.48896e-04
142  0.07509 -5.60349e-03 |143 -0.79458 -3.55563e-03 |144 -0.08836 -5.20429e-03
145  0.13974 -4.93378e-03 |146 -0.53248 -4.99973e-03 |147  0.22388 -3.72755e-02
148  0.00022  9.95557e-08 |149 -0.02431  7.74897e-02 |150  0.21294 -1.45179e-02
151  0.00055  6.03892e-07 |152 -0.03545  3.22446e-02 |153 -0.47328  4.48455e-03
154 -0.00003 -5.70116e-08 |155 -0.44210  4.50942e-03 |156 -0.06007  4.38414e-02
157 -0.68308  3.97592e-03 |158  0.52311 -3.68339e-04 |159 -0.52477  2.38537e-03
160  0.01684 -2.23945e-03 |161 -0.12340 -6.88140e-03 |162  0.02330  1.55410e-02
163 -0.00608  3.44263e-04 |164 -0.01019  1.47930e-03 |165 -0.17741  4.30455e-03
166 -0.00500 -4.29946e-03 |167  0.12073  5.29162e-02 |168 -0.04808 -5.95587e-02
169  0.09975  1.50745e-02 |170  0.06656 -2.66963e-03 |171  3.57246 -1.73915e-03
172  2.74812 -6.27532e-05 |173  0.10751  2.76434e-03 |174  0.00834  5.88986e-02
175  0.00133 -1.01683e-02 |176  0.11072  2.83083e-02 |177  0.09329 -8.25474e-03
178  0.08376 -9.67550e-03 |179 -0.05322 -2.73478e-02 |180 -0.07473  1.89588e-02
181 -0.09151  7.98269e-03 |182  0.02569 -3.76673e-03 |183 -0.12130 -8.99261e-04
184 -1.17511 -1.66264e-04 |185 -0.13518  1.46090e-03 |186 -0.02495  5.03733e-04
187  0.10123  3.71409e-04 |188  0.10493  2.52307e-02 |189  0.11871  2.13752e-03
190  1.01194 -2.93257e-02 |191 -0.21746  4.69799e-03 |
191 variables; iteration 340; function evaluation 438; phase 5
Function value 5.2966640e+04; maximum gradient component mag 1.6368e+00
Var    Value     Gradient |Var    Value     Gradient |Var    Value     Gradient
  1  0.01020 -2.20650e-01 |  2 -0.17506  2.63353e-02 |  3  0.14227  1.63545e-01
  4 -0.10414  7.98301e-02 |  5 -0.34490  1.67121e-02 |  6 -0.62196  1.16432e-01
  7  0.05909 -1.41990e-01 |  8 -0.16398  1.44647e-02 |  9 -0.17548  1.06575e-01
 10  0.11325  3.64741e-02 | 11 -0.42114  9.07790e-03 | 12 -0.56287  1.42115e-02
 13  0.04757  1.63684e+00 | 14  0.00199 -6.27399e-04 | 15  0.00196  4.26588e-04
 16  0.00194  5.66158e-04 | 17  0.00195  5.12838e-04 | 18  0.00199 -7.23389e-06
 19  0.00206 -2.14663e-04 | 20  0.00216  1.76646e-04 | 21  0.00227  6.97021e-04
 22  0.00237  4.20610e-04 | 23  0.00245  8.22444e-04 | 24  0.00250  1.48780e-03
 25  0.00249  1.15226e-03 | 26  0.00242  9.31005e-04 | 27  0.00228  1.19567e-03
 28  0.00206  9.38423e-04 | 29  0.00179  1.02834e-03 | 30  0.00152  1.05530e-03
 31  0.00128  2.00973e-03 | 32  0.00108  2.21618e-04 | 33  0.00098  1.08635e-03
 34  0.00090  1.67969e-03 | 35  0.00082  2.07371e-03 | 36  0.00074  1.22629e-03
 37  0.00063  1.27732e-03 | 38  0.00050  9.51675e-04 | 39  0.00033  9.10259e-04
 40  0.00012  1.08368e-03 | 41 -0.00011 -3.98693e-04 | 42 -0.00037  1.01682e-03
 43 -0.00065  6.52368e-04 | 44 -0.00094  3.72158e-04 | 45 -0.00122  1.10300e-03
 46 -0.00152  1.13575e-03 | 47 -0.00183  1.63433e-03 | 48 -0.00217  1.52586e-03
 49 -0.00251  2.79433e-03 | 50 -0.00288  2.28241e-03 | 51 -0.00327  2.43848e-03
 52 -0.00372  3.05610e-03 | 53 -0.00425  2.44128e-03 | 54 -0.00487  1.72041e-03
 55 -0.00559  2.25053e-03 | 56 -0.00641  3.71816e-03 | 57 -0.00733  4.99868e-03
 58 -0.00833  5.55719e-03 | 59 -0.00939  5.00750e-03 | 60 -0.01048  4.00315e-03
 61 -0.01154  6.13441e-03 | 62 -0.01258  6.87678e-03 | 63 -0.01361  3.86407e-03
 64 -0.01449  6.63371e-03 | 65 -0.01514  7.09646e-03 | 66 -0.01541  7.70986e-03
 67 -0.01508  1.08491e-02 | 68 -0.01399  1.22695e-02 | 69 -0.01199  9.77134e-03
 70 -0.00902  1.06429e-02 | 71 -0.00549  1.15629e-02 | 72 -0.00247  1.10054e-02
 73 -0.00146  1.70216e-02 | 74 -0.00348  1.96706e-02 | 75 -0.00726  2.10681e-02
 76 -0.00979  1.83457e-02 | 77 -0.00862  1.83655e-02 | 78 -0.00454  1.89205e-02
 79  0.00020  2.81845e-02 | 80  0.00479  2.98174e-02 | 81  0.00336  2.88884e-02
 82 -0.00403  3.32222e-02 | 83 -0.01725  4.18892e-02 | 84  0.14261  6.20893e-02
 85  0.11975  1.39525e-01 | 86 -0.12484  2.33150e-03 | 87 -0.15310 -9.02695e-05
 88 -0.11713  4.10272e-03 | 89 -0.02980  1.67755e-02 | 90 -0.16115 -1.10079e-03
 91  0.05364  2.52439e-02 | 92  0.10834  3.67233e-02 | 93 -0.03246  2.21676e-03
 94  0.03738  1.14689e-02 | 95  0.10632  2.30326e-02 | 96  0.03379  4.36430e-03
 97 -0.01481 -2.01462e-03 | 98  0.07590  8.50382e-03 | 99  0.03960  3.10658e-03
100 -0.05288 -2.12113e-03 |101  0.06366  6.62448e-03 |102 -0.00460 -4.70158e-04
103 -0.03670 -5.26096e-03 |104  0.02713 -5.05458e-03 |105  0.10806 -4.74696e-03
106 -0.01373 -1.14979e-02 |107  0.01746 -1.60151e-02 |108  0.00947 -1.60527e-02
109 -0.04539 -1.21229e-02 |110 -0.08549 -9.52596e-03 |111 -0.03165 -5.97798e-03
112  0.03568 -8.70882e-03 |113  0.06722 -1.51854e-02 |114  0.04192 -1.74841e-02
115 -0.03419 -1.49086e-02 |116 -0.04993 -1.49139e-02 |117 -0.04325 -1.41088e-02
118  0.09204 -1.50487e-02 |119 -0.11228 -1.26712e-02 |120  0.05557 -1.04959e-02
121 -0.12015 -1.45672e-02 |122  0.17638 -1.86440e-02 |123 -0.07749 -1.11115e-02
124  0.11015 -1.16381e-02 |125 -0.25044 -9.92593e-03 |126 -0.24283 -1.20482e-02
127  0.22800 -2.36777e-03 |128  0.07760 -1.16107e-02 |129 -0.64784  2.78484e-03
130 -0.14606  2.09821e-02 |131 -0.42770 -6.38904e-04 |132 -0.03774  2.42179e-04
133 -0.44242 -8.12620e-03 |134 -0.28798  2.59114e-03 |135 -0.49341  8.16496e-04
136 -1.08214  1.50305e-04 |137  0.29349 -5.59981e-03 |138 -0.00005 -3.14452e-07
139  0.04681  1.54569e-02 |140 -0.48448  5.19291e-04 |141 -0.59969 -1.26145e-03
142  0.07510 -2.32421e-03 |143 -0.71781  5.78820e-03 |144 -0.08835 -9.25873e-04
145  0.13928 -3.25613e-03 |146 -0.44342 -6.90633e-03 |147  0.22387  5.01399e-02
148  0.00018 -1.36950e-07 |149 -0.02432 -7.78548e-02 |150  0.21291  7.72234e-02
151  0.00026 -8.25948e-07 |152 -0.03547 -1.46998e-01 |153 -0.47364  1.06803e-03
154  0.00000  7.86670e-08 |155 -0.44702  4.08657e-03 |156 -0.06007  4.16225e-02
157 -0.68309  1.56660e-04 |158  0.52309 -1.02450e-03 |159 -0.52477  3.87779e-04
160  0.01678 -3.31064e-03 |161 -0.12340 -3.97356e-03 |162  0.02328  1.14453e-02
163 -0.00605  7.32066e-04 |164 -0.01020 -1.60893e-03 |165 -0.17741  1.23475e-03
166 -0.00500  8.98937e-03 |167  0.12072  7.14232e-03 |168 -0.04808  9.10036e-03
169  0.09934 -9.93471e-03 |170  0.06663  8.40580e-03 |171  3.57477 -7.02510e-04
172  2.73697 -1.72261e-03 |173  0.10751  2.49083e-02 |174  0.00833  8.41218e-02
175  0.00133  1.08586e-02 |176  0.11070  5.42839e-02 |177  0.09328  4.45175e-02
178  0.08372 -3.30685e-02 |179 -0.05323 -3.15113e-02 |180 -0.07474 -2.53248e-02
181 -0.09156  2.43679e-04 |182  0.02579  1.51776e-02 |183 -0.12134  8.75621e-03
184 -1.17195  5.72272e-04 |185 -0.13537  5.32304e-03 |186 -0.02495  7.29044e-03
187  0.10121 -4.05431e-03 |188  0.10493  5.81908e-02 |189  0.11871 -4.06885e-04
190  1.01139 -4.07806e-02 |191 -0.21746  6.72993e-02 |
191 variables; iteration 360; function evaluation 467; phase 5
Function value 5.2966598e+04; maximum gradient component mag -6.5392e-01
Var    Value     Gradient |Var    Value     Gradient |Var    Value     Gradient
  1  0.00975  8.07745e-02 |  2 -0.17537 -1.97993e-01 |  3  0.14186 -3.24737e-01
  4 -0.10360 -2.77565e-01 |  5 -0.34465 -7.40033e-02 |  6 -0.62197 -1.11035e-01
  7  0.05865 -5.02591e-02 |  8 -0.16405 -1.16378e-01 |  9 -0.17527 -8.15373e-02
 10  0.11315 -5.04183e-02 | 11 -0.42097 -2.83455e-02 | 12 -0.56300 -4.00841e-02
 13  0.04744 -3.74810e-01 | 14  0.00202  4.36365e-03 | 15  0.00196 -6.33304e-04
 16  0.00193 -1.53348e-03 | 17  0.00196  1.00666e-03 | 18  0.00201  2.07591e-03
 19  0.00209  3.97459e-03 | 20  0.00216 -9.14506e-04 | 21  0.00226 -2.32154e-03
 22  0.00234 -5.54520e-03 | 23  0.00243 -2.44430e-03 | 24  0.00248 -1.92911e-03
 25  0.00245 -5.56610e-03 | 26  0.00240 -1.68650e-03 | 27  0.00228  1.65608e-03
 28  0.00204 -1.81497e-03 | 29  0.00178 -5.02320e-04 | 30  0.00151 -8.51520e-04
 31  0.00127  1.03210e-03 | 32  0.00106 -3.42991e-03 | 33  0.00096 -2.72650e-03
 34  0.00087 -2.96587e-03 | 35  0.00078 -5.83510e-03 | 36  0.00069 -6.19239e-03
 37  0.00059 -6.37266e-03 | 38  0.00048 -1.43067e-03 | 39  0.00033  1.51570e-03
 40  0.00017  8.13608e-03 | 41 -0.00010  1.89791e-03 | 42 -0.00037  5.70915e-04
 43 -0.00063  4.44534e-03 | 44 -0.00092  4.81222e-03 | 45 -0.00122  1.41403e-03
 46 -0.00152  1.77161e-03 | 47 -0.00184 -3.34087e-04 | 48 -0.00220 -4.87255e-03
 49 -0.00256 -7.02894e-03 | 50 -0.00294 -7.71352e-03 | 51 -0.00333 -6.19676e-03
 52 -0.00372  3.74874e-03 | 53 -0.00428 -1.93448e-03 | 54 -0.00482  1.26280e-02
 55 -0.00560  9.63273e-04 | 56 -0.00640  5.34739e-03 | 57 -0.00741 -8.17607e-03
 58 -0.00839 -5.23338e-03 | 59 -0.00947 -8.05172e-03 | 60 -0.01050  1.72214e-03
 61 -0.01161 -7.41627e-03 | 62 -0.01271 -1.77353e-02 | 63 -0.01356  1.36469e-02
 64 -0.01456 -6.21507e-03 | 65 -0.01522 -8.71674e-03 | 66 -0.01549 -9.78354e-03
 67 -0.01523 -1.98948e-02 | 68 -0.01412 -1.48995e-02 | 69 -0.01202 -1.88137e-03
 70 -0.00909 -7.49745e-03 | 71 -0.00555 -6.85625e-03 | 72 -0.00244  4.36167e-03
 73 -0.00155 -1.05773e-02 | 74 -0.00359 -1.41313e-02 | 75 -0.00742 -2.69782e-02
 76 -0.00980 -6.26945e-03 | 77 -0.00858 -1.50163e-03 | 78 -0.00462 -3.14377e-02
 79 -0.00005 -6.18253e-02 | 80  0.00490 -1.12128e-02 | 81  0.00322 -6.14916e-02
 82 -0.00410 -4.61328e-02 | 83 -0.01741 -2.80906e-02 | 84  0.14280  1.88040e-02
 85  0.11969 -6.82148e-03 | 86 -0.12474  6.57620e-03 | 87 -0.15299  2.06439e-02
 88 -0.11712 -1.96233e-02 | 89 -0.02974 -1.03959e-02 | 90 -0.16115 -1.93017e-02
 91  0.05368 -3.48858e-02 | 92  0.10839 -4.92948e-02 | 93 -0.03242 -6.80967e-03
 94  0.03741 -1.70238e-02 | 95  0.10636  2.89689e-02 | 96  0.03383  2.68772e-02
 97 -0.01475  4.62297e-02 | 98  0.07594  8.71158e-02 | 99  0.03965  8.05683e-02
100 -0.05289  2.12489e-03 |101  0.06371  5.58266e-02 |102 -0.00457  2.48583e-02
103 -0.03665  1.99856e-02 |104  0.02715  1.70271e-02 |105  0.10811  2.33636e-02
106 -0.01372  1.56305e-03 |107  0.01748 -1.16006e-02 |108  0.00950 -7.50167e-03
109 -0.04531  1.12104e-02 |110 -0.08542  1.20910e-02 |111 -0.03163 -2.54494e-03
112  0.03576  1.05997e-02 |113  0.06727  2.25463e-02 |114  0.04199  3.18337e-03
115 -0.03412  1.53438e-02 |116 -0.04988 -4.93102e-03 |117 -0.04322 -2.14814e-02
118  0.09204 -1.48317e-02 |119 -0.11232 -1.09006e-02 |120  0.05554  1.20315e-02
121 -0.12010  1.26184e-02 |122  0.17625 -2.54669e-02 |123 -0.07780 -2.30307e-02
124  0.10960 -1.99264e-02 |125 -0.25065 -2.92636e-02 |126 -0.24287  5.96354e-03
127  0.22779 -1.21598e-01 |128  0.07741  1.61692e-03 |129 -0.64780  5.47898e-03
130 -0.14607 -2.15350e-02 |131 -0.42769 -4.49050e-03 |132 -0.03778 -7.14130e-03
133 -0.44183 -1.62867e-02 |134 -0.28834 -3.09414e-02 |135 -0.49331  3.89034e-03
136 -1.05220  5.29852e-03 |137  0.29256  3.50390e-03 |138 -0.00676 -3.34969e-05
139  0.04649 -9.06117e-02 |140 -0.60706 -4.19033e-03 |141 -0.54659 -3.25209e-03
142  0.07766  2.17062e-01 |143 -0.82784 -7.12038e-03 |144 -0.08661 -9.12877e-02
145  0.03409  9.95958e-02 |146 -0.03307  2.03699e-02 |147  0.22364 -3.83875e-02
148 -0.00276 -1.46100e-05 |149 -0.02439  7.06464e-03 |150  0.21289 -2.90200e-02
151 -0.01763 -9.18285e-05 |152 -0.03546  1.38539e-01 |153 -0.47845  2.00148e-01
154  0.00170  8.45994e-06 |155 -0.53300 -1.03687e-02 |156 -0.06001 -2.38309e-01
157 -0.68286  1.90726e-02 |158  0.52316  9.94234e-03 |159 -0.52463  8.81971e-03
160  0.01697  2.28910e-02 |161 -0.12343 -4.31756e-03 |162  0.02322  3.91759e-02
163 -0.00636  2.36526e-03 |164 -0.00998  2.47035e-02 |165 -0.17740 -1.60270e-02
166 -0.00518  6.56243e-02 |167  0.12063  4.61722e-01 |168 -0.04816 -6.53921e-01
169  0.09913 -9.95353e-03 |170  0.06456 -2.71544e-01 |171  3.57571  1.61372e-03
172  2.76206  6.67362e-03 |173  0.10747 -1.84108e-01 |174  0.00841  3.04410e-01
175  0.00133  4.35245e-02 |176  0.11072 -1.06266e-01 |177  0.09335  2.11225e-01
178  0.08425  3.57004e-01 |179 -0.05322  2.35650e-02 |180 -0.07469 -1.71874e-01
181 -0.09104 -7.07213e-02 |182  0.02464 -5.60805e-02 |183 -0.12181 -2.26276e-02
184 -1.18981 -5.61941e-03 |185 -0.13309 -7.93712e-03 |186 -0.02495  9.50362e-02
187  0.10058  3.67440e-02 |188  0.10493 -7.83033e-03 |189  0.11870 -9.70170e-03
190  1.01388  1.22226e-02 |191 -0.21715  3.32728e-02 |
191 variables; iteration 380; function evaluation 487; phase 5
Function value 5.2966597e+04; maximum gradient component mag 2.2211e-02
Var    Value     Gradient |Var    Value     Gradient |Var    Value     Gradient
  1  0.00971 -4.37345e-03 |  2 -0.17539 -4.44091e-04 |  3  0.14184  4.60075e-03
  4 -0.10356  1.00183e-02 |  5 -0.34462 -3.97069e-04 |  6 -0.62196 -8.74562e-03
  7  0.05861 -4.27705e-03 |  8 -0.16404  3.53873e-04 |  9 -0.17525  6.48458e-03
 10  0.11313  1.68408e-03 | 11 -0.42096 -4.17726e-04 | 12 -0.56300  3.01009e-03
 13  0.04744  6.22156e-04 | 14  0.00200  8.75464e-05 | 15  0.00196  3.32586e-05
 16  0.00194 -1.07945e-04 | 17  0.00195 -1.70650e-04 | 18  0.00200 -1.58170e-05
 19  0.00207 -2.87926e-04 | 20  0.00217  7.80047e-05 | 21  0.00227 -6.67369e-05
 22  0.00237  4.26459e-04 | 23  0.00245 -8.14792e-05 | 24  0.00249 -4.18531e-04
 25  0.00249  2.37569e-04 | 26  0.00242  3.22393e-04 | 27  0.00227 -1.70569e-05
 28  0.00206  5.18498e-04 | 29  0.00179  2.74577e-04 | 30  0.00151  3.98629e-04
 31  0.00126 -5.07038e-04 | 32  0.00109  6.99999e-04 | 33  0.00098  1.81138e-04
 34  0.00089  1.33163e-05 | 35  0.00081 -4.47880e-06 | 36  0.00073  6.88561e-04
 37  0.00063  3.79926e-04 | 38  0.00049 -7.05721e-05 | 39  0.00032 -2.37135e-04
 40  0.00011 -8.80139e-04 | 41 -0.00011  7.86924e-05 | 42 -0.00038 -5.84260e-04
 43 -0.00065 -3.93058e-04 | 44 -0.00094 -1.67162e-05 | 45 -0.00123 -2.64060e-04
 46 -0.00154 -3.73043e-04 | 47 -0.00185 -6.60684e-05 | 48 -0.00218  5.78934e-04
 49 -0.00253  2.30283e-06 | 50 -0.00289  6.21876e-04 | 51 -0.00329  4.58713e-04
 52 -0.00375 -2.26703e-04 | 53 -0.00427  2.45839e-04 | 54 -0.00490 -8.38808e-04
 55 -0.00561 -1.43667e-04 | 56 -0.00644 -7.39230e-04 | 57 -0.00737  4.78329e-04
 58 -0.00837  3.19841e-04 | 59 -0.00943  2.58732e-04 | 60 -0.01052 -1.70556e-04
 61 -0.01158  1.23544e-04 | 62 -0.01263  5.39567e-04 | 63 -0.01365 -1.08493e-03
 64 -0.01453  7.90681e-04 | 65 -0.01519  3.87411e-04 | 66 -0.01546  9.62185e-04
 67 -0.01514  8.16621e-04 | 68 -0.01406  1.33256e-04 | 69 -0.01204 -3.08002e-04
 70 -0.00908  1.48632e-04 | 71 -0.00555  2.35223e-04 | 72 -0.00251 -4.47537e-06
 73 -0.00153  1.45926e-04 | 74 -0.00356  9.77482e-04 | 75 -0.00733  1.43913e-03
 76 -0.00985  7.94774e-05 | 77 -0.00866  1.22566e-03 | 78 -0.00457  1.60568e-03
 79  0.00015  1.94850e-03 | 80  0.00475  1.78565e-03 | 81  0.00334  2.34023e-03
 82 -0.00406  4.05271e-04 | 83 -0.01733  3.56119e-03 | 84  0.14271 -2.39502e-03
 85  0.11974 -3.65884e-03 | 86 -0.12477 -3.55046e-04 | 87 -0.15304 -5.60977e-04
 88 -0.11707  1.75560e-04 | 89 -0.02974 -6.48027e-04 | 90 -0.16111  9.60296e-04
 91  0.05368 -5.31627e-04 | 92  0.10840  1.60861e-03 | 93 -0.03242  6.85676e-04
 94  0.03743  9.14964e-04 | 95  0.10637 -7.63901e-04 | 96  0.03385 -9.66749e-05
 97 -0.01475 -1.49285e-03 | 98  0.07595 -3.48450e-03 | 99  0.03964 -2.81048e-03
100 -0.05285 -2.85335e-04 |101  0.06371 -2.12868e-03 |102 -0.00456 -1.29210e-03
103 -0.03666 -4.00277e-04 |104  0.02714 -8.99251e-04 |105  0.10810 -6.87223e-04
106 -0.01373  2.35429e-04 |107  0.01747  1.58052e-03 |108  0.00950  1.80363e-03
109 -0.04533 -5.81129e-04 |110 -0.08546 -4.27394e-04 |111 -0.03161  1.21346e-03
112  0.03576 -6.26765e-04 |113  0.06727  1.45607e-03 |114  0.04201  1.61213e-03
115 -0.03413  3.89813e-04 |116 -0.04987  5.61407e-04 |117 -0.04321  1.01221e-03
118  0.09204  2.30405e-03 |119 -0.11229  2.19728e-04 |120  0.05556  2.37429e-04
121 -0.12011 -9.31157e-07 |122  0.17626  1.60527e-03 |123 -0.07778  8.72912e-04
124  0.10956 -1.58927e-03 |125 -0.25062  9.00534e-04 |126 -0.24290 -2.16951e-03
127  0.22779 -3.70726e-03 |128  0.07736  4.98043e-04 |129 -0.64786 -5.84861e-04
130 -0.14607  1.77273e-03 |131 -0.42766 -3.11175e-05 |132 -0.03747  1.44137e-04
133 -0.44233  2.98323e-04 |134 -0.28801  9.39160e-04 |135 -0.49333 -1.77361e-04
136 -1.08232  2.12863e-05 |137  0.29308 -5.34318e-04 |138  0.00003  5.91378e-08
139  0.04675  7.56692e-03 |140 -0.52625 -2.36681e-05 |141 -0.55069  3.62584e-06
142  0.07793  1.03703e-03 |143 -0.75918  2.71934e-04 |144 -0.08643 -1.93236e-03
145  0.02540 -1.81778e-03 |146 -0.02690 -1.37488e-03 |147  0.22363  1.31978e-03
148  0.00020  4.53954e-09 |149 -0.02439  4.83476e-03 |150  0.21282 -2.00793e-03
151  0.00049  3.20944e-07 |152 -0.03550  4.55761e-03 |153 -0.47792  1.96501e-02
154 -0.00002 -4.16494e-09 |155 -0.52049 -2.46855e-03 |156 -0.06000 -1.30417e-02
157 -0.68290 -5.07745e-04 |158  0.52305  2.25576e-04 |159 -0.52469  1.62496e-04
160  0.01687 -4.27969e-04 |161 -0.12341 -4.54231e-04 |162  0.02320  1.05652e-03
163 -0.00643 -2.06739e-04 |164 -0.01003 -9.63721e-04 |165 -0.17739 -5.79492e-04
166 -0.00520 -1.79250e-03 |167  0.12066 -1.09209e-02 |168 -0.04811  1.89742e-02
169  0.09944  7.61743e-04 |170  0.06657 -7.84635e-04 |171  3.57449 -4.24087e-06
172  2.74890  4.16098e-05 |173  0.10751  5.77133e-03 |174  0.00833 -8.65445e-03
175  0.00133 -4.16694e-03 |176  0.11071  2.22111e-02 |177  0.09331  6.78303e-03
178  0.08382 -4.19291e-03 |179 -0.05322 -1.25752e-02 |180 -0.07471 -3.03368e-03
181 -0.09147  1.42726e-04 |182  0.02491  9.14689e-03 |183 -0.12157  2.19361e-03
184 -1.17336  8.44844e-06 |185 -0.13374  3.16010e-03 |186 -0.02503  2.17665e-03
187  0.10082 -8.64017e-04 |188  0.10493  1.40659e-03 |189  0.11871  3.92883e-04
190  1.01339  1.61971e-04 |191 -0.21717 -1.39986e-02 |
191 variables; iteration 400; function evaluation 507; phase 5
Function value 5.2966597e+04; maximum gradient component mag -2.2059e-02
Var    Value     Gradient |Var    Value     Gradient |Var    Value     Gradient
  1  0.00971  4.89664e-03 |  2 -0.17539  3.75827e-03 |  3  0.14184  1.04643e-03
  4 -0.10356 -9.71817e-04 |  5 -0.34462  1.40933e-03 |  6 -0.62196  3.64045e-03
  7  0.05862  4.29678e-03 |  8 -0.16405  1.28769e-03 |  9 -0.17525 -5.30513e-03
 10  0.11313 -1.35988e-03 | 11 -0.42096  3.69847e-04 | 12 -0.56300 -1.54838e-03
 13  0.04744 -2.16612e-02 | 14  0.00199 -1.37944e-04 | 15  0.00196 -3.49637e-05
 16  0.00194  5.24331e-05 | 17  0.00195 -1.47583e-05 | 18  0.00199 -3.94472e-05
 19  0.00207  4.98160e-05 | 20  0.00217  5.85133e-06 | 21  0.00227  3.01483e-05
 22  0.00237 -1.15572e-04 | 23  0.00245  1.07882e-04 | 24  0.00249  2.02744e-04
 25  0.00249 -2.02907e-06 | 26  0.00241 -6.96830e-05 | 27  0.00227 -6.07148e-06
 28  0.00205 -1.41260e-04 | 29  0.00179 -1.10871e-04 | 30  0.00151 -1.48679e-04
 31  0.00127  1.60115e-04 | 32  0.00108 -1.74773e-04 | 33  0.00097 -3.80935e-05
 34  0.00089  2.09779e-05 | 35  0.00081  8.93249e-05 | 36  0.00073 -1.37235e-04
 37  0.00062 -1.74392e-05 | 38  0.00049  2.16624e-05 | 39  0.00032  8.58834e-05
 40  0.00012  1.31137e-04 | 41 -0.00011 -8.06150e-05 | 42 -0.00037  2.29557e-04
 43 -0.00065  8.91110e-06 | 44 -0.00095 -1.37905e-04 | 45 -0.00123  1.01367e-04
 46 -0.00153  1.95595e-04 | 47 -0.00184  9.51517e-05 | 48 -0.00218 -1.19848e-04
 49 -0.00253  2.04030e-04 | 50 -0.00290 -9.66333e-05 | 51 -0.00329 -1.81312e-04
 52 -0.00375 -1.02192e-04 | 53 -0.00428 -1.24800e-04 | 54 -0.00489 -6.14612e-05
 55 -0.00561 -4.64302e-05 | 56 -0.00644  2.00042e-04 | 57 -0.00737 -1.16165e-04
 58 -0.00837 -1.87070e-04 | 59 -0.00943 -1.26334e-04 | 60 -0.01052 -8.51739e-05
 61 -0.01158 -9.98940e-05 | 62 -0.01263 -2.98862e-05 | 63 -0.01364  1.30896e-04
 64 -0.01454 -2.62374e-04 | 65 -0.01519 -9.79479e-05 | 66 -0.01546 -2.73303e-04
 67 -0.01514 -1.71627e-04 | 68 -0.01406 -4.03135e-05 | 69 -0.01204 -6.28876e-05
 70 -0.00907 -1.96127e-04 | 71 -0.00555 -2.54156e-04 | 72 -0.00251 -2.38928e-04
 73 -0.00153 -2.38384e-04 | 74 -0.00356 -3.96878e-04 | 75 -0.00733 -6.42854e-04
 76 -0.00984 -3.06222e-04 | 77 -0.00866 -8.36005e-04 | 78 -0.00457 -6.90553e-04
 79  0.00015 -5.88452e-04 | 80  0.00475 -1.01507e-03 | 81  0.00334 -6.99681e-04
 82 -0.00405 -3.10531e-04 | 83 -0.01735 -1.00705e-03 | 84  0.14272 -6.46138e-04
 85  0.11974 -1.34816e-03 | 86 -0.12477 -2.54371e-05 | 87 -0.15304 -1.94929e-04
 88 -0.11707  6.76838e-05 | 89 -0.02973  3.25216e-04 | 90 -0.16112 -7.91600e-05
 91  0.05368  4.20670e-04 | 92  0.10840 -5.51318e-04 | 93 -0.03242 -2.13115e-04
 94  0.03743 -1.44074e-04 | 95  0.10637 -9.66252e-05 | 96  0.03385 -2.57647e-05
 97 -0.01475  3.66343e-04 | 98  0.07595  7.75622e-04 | 99  0.03964  3.33112e-04
100 -0.05285  2.33278e-04 |101  0.06371  1.78450e-04 |102 -0.00456  2.36695e-04
103 -0.03666 -2.48687e-04 |104  0.02714 -4.58720e-05 |105  0.10810 -6.81246e-04
106 -0.01373 -2.23601e-04 |107  0.01747 -3.96533e-04 |108  0.00950 -5.28558e-04
109 -0.04533  2.62737e-04 |110 -0.08546  1.19191e-04 |111 -0.03162 -3.91131e-04
112  0.03576  1.55931e-04 |113  0.06727 -6.01094e-04 |114  0.04201 -2.52377e-04
115 -0.03413 -8.37441e-05 |116 -0.04987  1.87556e-04 |117 -0.04321  1.11656e-04
118  0.09204 -7.91143e-04 |119 -0.11229  9.82776e-05 |120  0.05556 -4.51337e-04
121 -0.12011  1.01925e-04 |122  0.17625 -4.95013e-04 |123 -0.07778  1.47473e-04
124  0.10956  8.95163e-04 |125 -0.25062  2.93624e-04 |126 -0.24291  1.40488e-03
127  0.22778  4.27916e-03 |128  0.07736 -1.55754e-04 |129 -0.64786  9.75975e-05
130 -0.14607 -7.53642e-04 |131 -0.42766  2.37943e-04 |132 -0.03748  3.13389e-05
133 -0.44233  4.84418e-05 |134 -0.28802 -1.07815e-04 |135 -0.49332  1.41434e-05
136 -1.08244 -1.42642e-05 |137  0.29307  5.78603e-04 |138 -0.00035 -1.81426e-06
139  0.04674 -1.76922e-03 |140 -0.52542 -3.79854e-05 |141 -0.55178 -4.84971e-05
142  0.07793 -3.55131e-03 |143 -0.76212 -7.10815e-05 |144 -0.08643  2.15970e-03
145  0.02546 -6.52852e-04 |146 -0.02694 -4.96645e-04 |147  0.22363  1.12271e-03
148  0.00027  3.16463e-07 |149 -0.02439 -3.68666e-03 |150  0.21282 -2.78053e-03
151 -0.00143 -9.13307e-06 |152 -0.03550  5.01821e-03 |153 -0.47661 -2.20594e-02
154 -0.00006 -1.97067e-07 |155 -0.49344  1.03553e-03 |156 -0.06000  9.57294e-03
157 -0.68290 -4.00302e-05 |158  0.52305 -1.80395e-04 |159 -0.52469 -1.27756e-04
160  0.01687  3.15745e-05 |161 -0.12341  1.73000e-04 |162  0.02320 -4.14824e-04
163 -0.00643  1.77635e-05 |164 -0.01002  1.04729e-04 |165 -0.17739  8.38855e-05
166 -0.00520 -3.54376e-04 |167  0.12065  2.57351e-03 |168 -0.04811 -6.90087e-03
169  0.09942 -1.10953e-04 |170  0.06657  1.25706e-04 |171  3.57452 -2.07124e-05
172  2.74871 -2.97839e-06 |173  0.10751 -3.45084e-04 |174  0.00834 -1.18988e-03
175  0.00133  1.03876e-03 |176  0.11071 -8.93799e-03 |177  0.09331 -3.89901e-03
178  0.08382 -2.11577e-03 |179 -0.05322  6.13450e-03 |180 -0.07471  1.47864e-03
181 -0.09146  1.21404e-03 |182  0.02489 -2.61504e-03 |183 -0.12158 -9.87146e-04
184 -1.17304  4.62421e-05 |185 -0.13371 -9.40661e-04 |186 -0.02503 -2.29449e-03
187  0.10082 -9.71311e-05 |188  0.10493 -1.17447e-03 |189  0.11871  2.72486e-05
190  1.01337  3.89236e-04 |191 -0.21717  4.46788e-03 |
  ic > imax  in fminim is answer attained ?
Var    Value     Gradient |Var    Value     Gradient |Var    Value     Gradient
  1  0.00971 -1.43209e-04 |  2 -0.17539 -5.24472e-05 |  3  0.14184 -2.00166e-05
  4 -0.10356  1.42440e-05 |  5 -0.34462  8.83038e-06 |  6 -0.62196 -1.73629e-05
  7  0.05862 -6.94469e-05 |  8 -0.16405 -4.65965e-05 |  9 -0.17525  1.06604e-04
 10  0.11313  1.70747e-05 | 11 -0.42096  4.29041e-06 | 12 -0.56300  2.32667e-05
 13  0.04744  4.14641e-04 | 14  0.00199  3.60451e-06 | 15  0.00196  1.46344e-06
 16  0.00194 -5.63224e-06 | 17  0.00195  6.71049e-07 | 18  0.00200  6.69616e-06
 19  0.00207 -4.12054e-06 | 20  0.00217  2.62263e-06 | 21  0.00227 -2.15566e-06
 22  0.00237  4.91292e-06 | 23  0.00245 -2.08051e-06 | 24  0.00249 -3.55323e-06
 25  0.00249  3.14936e-07 | 26  0.00241  2.57400e-06 | 27  0.00227 -1.49359e-06
 28  0.00205  2.96658e-06 | 29  0.00179 -7.55816e-06 | 30  0.00151  7.35288e-07
 31  0.00127 -7.65883e-06 | 32  0.00108  5.75867e-06 | 33  0.00097 -7.22807e-06
 34  0.00089 -4.31023e-06 | 35  0.00081 -3.63707e-06 | 36  0.00073  1.15105e-05
 37  0.00062  1.14764e-06 | 38  0.00049 -6.94417e-06 | 39  0.00032  5.70789e-06
 40  0.00012 -3.90888e-06 | 41 -0.00011  5.88784e-06 | 42 -0.00037 -4.45003e-06
 43 -0.00065 -2.59727e-06 | 44 -0.00094  4.84508e-06 | 45 -0.00123 -6.63219e-06
 46 -0.00153 -3.88071e-06 | 47 -0.00185 -3.14836e-06 | 48 -0.00218  9.00345e-07
 49 -0.00253 -5.51363e-06 | 50 -0.00290  3.36075e-06 | 51 -0.00329  3.05160e-06
 52 -0.00374  2.22269e-06 | 53 -0.00428  1.24378e-06 | 54 -0.00489  8.97171e-07
 55 -0.00561 -1.10480e-07 | 56 -0.00644 -2.84097e-06 | 57 -0.00737  5.20083e-07
 58 -0.00837  2.56437e-06 | 59 -0.00943  2.69359e-06 | 60 -0.01052  2.35926e-06
 61 -0.01158 -2.34414e-06 | 62 -0.01263  1.39928e-06 | 63 -0.01364  7.39157e-07
 64 -0.01454  2.96780e-06 | 65 -0.01519  2.01111e-06 | 66 -0.01546  5.04026e-06
 67 -0.01514  3.35456e-06 | 68 -0.01406  2.30087e-06 | 69 -0.01204  6.11686e-06
 70 -0.00907  8.00967e-06 | 71 -0.00555  9.55470e-06 | 72 -0.00251  1.14927e-05
 73 -0.00153  6.87187e-06 | 74 -0.00356  8.50260e-06 | 75 -0.00733  2.97879e-06
 76 -0.00984  1.68191e-05 | 77 -0.00866  1.87872e-05 | 78 -0.00457  2.32864e-05
 79  0.00014  6.40523e-06 | 80  0.00475  2.25971e-05 | 81  0.00334  1.78591e-05
 82 -0.00405  4.00337e-06 | 83 -0.01734  1.79537e-05 | 84  0.14271  1.31087e-05
 85  0.11974  7.51705e-05 | 86 -0.12477  3.31314e-06 | 87 -0.15304  1.57233e-06
 88 -0.11707  7.29282e-06 | 89 -0.02973  8.54106e-06 | 90 -0.16112  7.19808e-06
 91  0.05368  1.18740e-05 | 92  0.10840  2.12691e-05 | 93 -0.03242 -1.86980e-06
 94  0.03743 -1.52169e-05 | 95  0.10637 -1.42831e-05 | 96  0.03385 -1.52916e-05
 97 -0.01475 -1.04708e-05 | 98  0.07595 -1.89170e-05 | 99  0.03964 -2.24932e-05
100 -0.05285 -2.37198e-05 |101  0.06371 -2.21529e-05 |102 -0.00456 -2.73100e-05
103 -0.03666 -1.95005e-06 |104  0.02714 -1.60567e-05 |105  0.10810 -7.20655e-06
106 -0.01373 -3.31698e-06 |107  0.01747 -5.28834e-06 |108  0.00950 -1.58316e-06
109 -0.04533 -7.23353e-06 |110 -0.08546 -4.80833e-06 |111 -0.03162  2.81904e-06
112  0.03576 -9.84517e-06 |113  0.06727  1.14501e-05 |114  0.04201  8.65665e-06
115 -0.03413  1.31004e-06 |116 -0.04987 -5.23493e-06 |117 -0.04321 -3.24684e-06
118  0.09204  1.51610e-05 |119 -0.11229  1.36718e-06 |120  0.05556 -5.57324e-06
121 -0.12011 -1.14501e-05 |122  0.17625 -2.43483e-05 |123 -0.07778 -9.70111e-06
124  0.10956 -1.54728e-05 |125 -0.25062 -6.78762e-06 |126 -0.24291 -8.24895e-06
127  0.22778 -3.74185e-05 |128  0.07736 -8.80195e-06 |129 -0.64786 -3.48491e-06
130 -0.14607 -2.24999e-05 |131 -0.42766 -4.67097e-06 |132 -0.03748 -1.18794e-07
133 -0.44233 -1.77424e-05 |134 -0.28802  3.34445e-06 |135 -0.49333 -2.37445e-06
136 -1.08239  1.06725e-06 |137  0.29307 -5.16068e-06 |138  0.00028  1.30168e-06
139  0.04674  9.75157e-06 |140 -0.52551  5.62863e-07 |141 -0.55134  3.90003e-07
142  0.07793  9.16383e-05 |143 -0.76151 -6.39722e-08 |144 -0.08643 -5.57628e-05
145  0.02549  2.52530e-05 |146 -0.02695  2.05113e-05 |147  0.22363  1.08749e-04
148  0.00054  1.68782e-06 |149 -0.02439 -1.48158e-04 |150  0.21282  1.10640e-04
151  0.00023 -9.57592e-07 |152 -0.03550 -2.24551e-04 |153 -0.47649 -2.77490e-05
154 -0.00022 -9.90645e-07 |155 -0.49135 -3.81540e-08 |156 -0.06000  5.18654e-06
157 -0.68290  7.38304e-06 |158  0.52305 -1.21961e-06 |159 -0.52469  3.96822e-06
160  0.01687 -1.49918e-06 |161 -0.12341 -1.51220e-05 |162  0.02320  3.43676e-05
163 -0.00643  2.67530e-07 |164 -0.01002 -3.98010e-06 |165 -0.17739 -1.26313e-05
166 -0.00520  1.18203e-05 |167  0.12066  6.67143e-05 |168 -0.04811 -4.74229e-05
169  0.09942  1.21300e-05 |170  0.06657  2.41575e-06 |171  3.57453  2.14844e-06
172  2.74872 -7.76343e-08 |173  0.10751  4.08736e-05 |174  0.00834  3.05143e-05
175  0.00133 -1.06527e-05 |176  0.11071  2.00293e-04 |177  0.09331  2.79959e-04
178  0.08382  4.84894e-05 |179 -0.05322 -1.22732e-04 |180 -0.07471 -2.02604e-04
181 -0.09146 -3.44748e-05 |182  0.02489  7.67216e-05 |183 -0.12158  4.44362e-05
184 -1.17325 -1.74462e-07 |185 -0.13371  2.42626e-05 |186 -0.02503  7.82913e-05
187  0.10082  1.07472e-05 |188  0.10493  3.78430e-05 |189  0.11871 -2.25530e-06
190  1.01336 -7.26125e-06 |191 -0.21717 -7.57724e-05 |
Function minimizer not making progress ... is minimum attained?
Minimprove criterion = 0.0000e+00

 - final statistics:
191 variables; iteration 407; function evaluation 543
Function value 5.2967e+04; maximum gradient component mag 4.1464e-04
Exit code = 1;  converg criter 1.0000e-04
Var    Value     Gradient |Var    Value     Gradient |Var    Value     Gradient
  1  0.00971 -1.43209e-04 |  2 -0.17539 -5.24472e-05 |  3  0.14184 -2.00166e-05
  4 -0.10356  1.42440e-05 |  5 -0.34462  8.83038e-06 |  6 -0.62196 -1.73629e-05
  7  0.05862 -6.94469e-05 |  8 -0.16405 -4.65965e-05 |  9 -0.17525  1.06604e-04
 10  0.11313  1.70747e-05 | 11 -0.42096  4.29041e-06 | 12 -0.56300  2.32667e-05
 13  0.04744  4.14641e-04 | 14  0.00199  3.60451e-06 | 15  0.00196  1.46344e-06
 16  0.00194 -5.63224e-06 | 17  0.00195  6.71049e-07 | 18  0.00200  6.69616e-06
 19  0.00207 -4.12054e-06 | 20  0.00217  2.62263e-06 | 21  0.00227 -2.15566e-06
 22  0.00237  4.91292e-06 | 23  0.00245 -2.08051e-06 | 24  0.00249 -3.55323e-06
 25  0.00249  3.14936e-07 | 26  0.00241  2.57400e-06 | 27  0.00227 -1.49359e-06
 28  0.00205  2.96658e-06 | 29  0.00179 -7.55816e-06 | 30  0.00151  7.35288e-07
 31  0.00127 -7.65883e-06 | 32  0.00108  5.75867e-06 | 33  0.00097 -7.22807e-06
 34  0.00089 -4.31023e-06 | 35  0.00081 -3.63707e-06 | 36  0.00073  1.15105e-05
 37  0.00062  1.14764e-06 | 38  0.00049 -6.94417e-06 | 39  0.00032  5.70789e-06
 40  0.00012 -3.90888e-06 | 41 -0.00011  5.88784e-06 | 42 -0.00037 -4.45003e-06
 43 -0.00065 -2.59727e-06 | 44 -0.00094  4.84508e-06 | 45 -0.00123 -6.63219e-06
 46 -0.00153 -3.88071e-06 | 47 -0.00185 -3.14836e-06 | 48 -0.00218  9.00345e-07
 49 -0.00253 -5.51363e-06 | 50 -0.00290  3.36075e-06 | 51 -0.00329  3.05160e-06
 52 -0.00374  2.22269e-06 | 53 -0.00428  1.24378e-06 | 54 -0.00489  8.97171e-07
 55 -0.00561 -1.10480e-07 | 56 -0.00644 -2.84097e-06 | 57 -0.00737  5.20083e-07
 58 -0.00837  2.56437e-06 | 59 -0.00943  2.69359e-06 | 60 -0.01052  2.35926e-06
 61 -0.01158 -2.34414e-06 | 62 -0.01263  1.39928e-06 | 63 -0.01364  7.39157e-07
 64 -0.01454  2.96780e-06 | 65 -0.01519  2.01111e-06 | 66 -0.01546  5.04026e-06
 67 -0.01514  3.35456e-06 | 68 -0.01406  2.30087e-06 | 69 -0.01204  6.11686e-06
 70 -0.00907  8.00967e-06 | 71 -0.00555  9.55470e-06 | 72 -0.00251  1.14927e-05
 73 -0.00153  6.87187e-06 | 74 -0.00356  8.50260e-06 | 75 -0.00733  2.97879e-06
 76 -0.00984  1.68191e-05 | 77 -0.00866  1.87872e-05 | 78 -0.00457  2.32864e-05
 79  0.00014  6.40523e-06 | 80  0.00475  2.25971e-05 | 81  0.00334  1.78591e-05
 82 -0.00405  4.00337e-06 | 83 -0.01734  1.79537e-05 | 84  0.14271  1.31087e-05
 85  0.11974  7.51705e-05 | 86 -0.12477  3.31314e-06 | 87 -0.15304  1.57233e-06
 88 -0.11707  7.29282e-06 | 89 -0.02973  8.54106e-06 | 90 -0.16112  7.19808e-06
 91  0.05368  1.18740e-05 | 92  0.10840  2.12691e-05 | 93 -0.03242 -1.86980e-06
 94  0.03743 -1.52169e-05 | 95  0.10637 -1.42831e-05 | 96  0.03385 -1.52916e-05
 97 -0.01475 -1.04708e-05 | 98  0.07595 -1.89170e-05 | 99  0.03964 -2.24932e-05
100 -0.05285 -2.37198e-05 |101  0.06371 -2.21529e-05 |102 -0.00456 -2.73100e-05
103 -0.03666 -1.95005e-06 |104  0.02714 -1.60567e-05 |105  0.10810 -7.20655e-06
106 -0.01373 -3.31698e-06 |107  0.01747 -5.28834e-06 |108  0.00950 -1.58316e-06
109 -0.04533 -7.23353e-06 |110 -0.08546 -4.80833e-06 |111 -0.03162  2.81904e-06
112  0.03576 -9.84517e-06 |113  0.06727  1.14501e-05 |114  0.04201  8.65665e-06
115 -0.03413  1.31004e-06 |116 -0.04987 -5.23493e-06 |117 -0.04321 -3.24684e-06
118  0.09204  1.51610e-05 |119 -0.11229  1.36718e-06 |120  0.05556 -5.57324e-06
121 -0.12011 -1.14501e-05 |122  0.17625 -2.43483e-05 |123 -0.07778 -9.70111e-06
124  0.10956 -1.54728e-05 |125 -0.25062 -6.78762e-06 |126 -0.24291 -8.24895e-06
127  0.22778 -3.74185e-05 |128  0.07736 -8.80195e-06 |129 -0.64786 -3.48491e-06
130 -0.14607 -2.24999e-05 |131 -0.42766 -4.67097e-06 |132 -0.03748 -1.18794e-07
133 -0.44233 -1.77424e-05 |134 -0.28802  3.34445e-06 |135 -0.49333 -2.37445e-06
136 -1.08239  1.06725e-06 |137  0.29307 -5.16068e-06 |138  0.00028  1.30168e-06
139  0.04674  9.75157e-06 |140 -0.52551  5.62863e-07 |141 -0.55134  3.90003e-07
142  0.07793  9.16383e-05 |143 -0.76151 -6.39722e-08 |144 -0.08643 -5.57628e-05
145  0.02549  2.52530e-05 |146 -0.02695  2.05113e-05 |147  0.22363  1.08749e-04
148  0.00054  1.68782e-06 |149 -0.02439 -1.48158e-04 |150  0.21282  1.10640e-04
151  0.00023 -9.57592e-07 |152 -0.03550 -2.24551e-04 |153 -0.47649 -2.77490e-05
154 -0.00022 -9.90645e-07 |155 -0.49135 -3.81540e-08 |156 -0.06000  5.18654e-06
157 -0.68290  7.38304e-06 |158  0.52305 -1.21961e-06 |159 -0.52469  3.96822e-06
160  0.01687 -1.49918e-06 |161 -0.12341 -1.51220e-05 |162  0.02320  3.43676e-05
163 -0.00643  2.67530e-07 |164 -0.01002 -3.98010e-06 |165 -0.17739 -1.26313e-05
166 -0.00520  1.18203e-05 |167  0.12066  6.67143e-05 |168 -0.04811 -4.74229e-05
169  0.09942  1.21300e-05 |170  0.06657  2.41575e-06 |171  3.57453  2.14844e-06
172  2.74872 -7.76343e-08 |173  0.10751  4.08736e-05 |174  0.00834  3.05143e-05
175  0.00133 -1.06527e-05 |176  0.11071  2.00293e-04 |177  0.09331  2.79959e-04
178  0.08382  4.84894e-05 |179 -0.05322 -1.22732e-04 |180 -0.07471 -2.02604e-04
181 -0.09146 -3.44748e-05 |182  0.02489  7.67216e-05 |183 -0.12158  4.44362e-05
184 -1.17325 -1.74462e-07 |185 -0.13371  2.42626e-05 |186 -0.02503  7.82913e-05
187  0.10082  1.07472e-05 |188  0.10493  3.78430e-05 |189  0.11871 -2.25530e-06
190  1.01336 -7.26125e-06 |191 -0.21717 -7.57724e-05 |

Initial statistics: 207 variables; iteration 0; function evaluation 0; phase 6
Function value 5.2966597e+04; maximum gradient component mag 1.2883e+01
Var    Value     Gradient |Var    Value     Gradient |Var    Value     Gradient
  1  0.00971 -1.43209e-04 |  2 -0.17539 -5.24474e-05 |  3  0.14184 -2.00167e-05
  4 -0.10356  1.42437e-05 |  5 -0.34462  8.83040e-06 |  6 -0.62196 -1.73629e-05
  7  0.05862 -6.94467e-05 |  8 -0.16405 -4.65965e-05 |  9 -0.17525  1.06604e-04
 10  0.11313  1.70746e-05 | 11 -0.42096  4.29042e-06 | 12 -0.56300  2.32667e-05
 13  0.04744  4.14641e-04 | 14  0.00199  3.60451e-06 | 15  0.00196  1.46344e-06
 16  0.00194 -5.63224e-06 | 17  0.00195  6.71049e-07 | 18  0.00200  6.69616e-06
 19  0.00207 -4.12054e-06 | 20  0.00217  2.62263e-06 | 21  0.00227 -2.15566e-06
 22  0.00237  4.91292e-06 | 23  0.00245 -2.08051e-06 | 24  0.00249 -3.55323e-06
 25  0.00249  3.14935e-07 | 26  0.00241  2.57400e-06 | 27  0.00227 -1.49359e-06
 28  0.00205  2.96658e-06 | 29  0.00179 -7.55816e-06 | 30  0.00151  7.35288e-07
 31  0.00127 -7.65883e-06 | 32  0.00108  5.75866e-06 | 33  0.00097 -7.22807e-06
 34  0.00089 -4.31023e-06 | 35  0.00081 -3.63707e-06 | 36  0.00073  1.15105e-05
 37  0.00062  1.14764e-06 | 38  0.00049 -6.94417e-06 | 39  0.00032  5.70789e-06
 40  0.00012 -3.90888e-06 | 41 -0.00011  5.88784e-06 | 42 -0.00037 -4.45003e-06
 43 -0.00065 -2.59727e-06 | 44 -0.00094  4.84508e-06 | 45 -0.00123 -6.63219e-06
 46 -0.00153 -3.88071e-06 | 47 -0.00185 -3.14836e-06 | 48 -0.00218  9.00345e-07
 49 -0.00253 -5.51363e-06 | 50 -0.00290  3.36075e-06 | 51 -0.00329  3.05160e-06
 52 -0.00374  2.22269e-06 | 53 -0.00428  1.24378e-06 | 54 -0.00489  8.97171e-07
 55 -0.00561 -1.10480e-07 | 56 -0.00644 -2.84097e-06 | 57 -0.00737  5.20083e-07
 58 -0.00837  2.56437e-06 | 59 -0.00943  2.69359e-06 | 60 -0.01052  2.35926e-06
 61 -0.01158 -2.34414e-06 | 62 -0.01263  1.39928e-06 | 63 -0.01364  7.39157e-07
 64 -0.01454  2.96780e-06 | 65 -0.01519  2.01111e-06 | 66 -0.01546  5.04026e-06
 67 -0.01514  3.35455e-06 | 68 -0.01406  2.30087e-06 | 69 -0.01204  6.11686e-06
 70 -0.00907  8.00967e-06 | 71 -0.00555  9.55470e-06 | 72 -0.00251  1.14927e-05
 73 -0.00153  6.87187e-06 | 74 -0.00356  8.50260e-06 | 75 -0.00733  2.97879e-06
 76 -0.00984  1.68191e-05 | 77 -0.00866  1.87872e-05 | 78 -0.00457  2.32864e-05
 79  0.00014  6.40523e-06 | 80  0.00475  2.25971e-05 | 81  0.00334  1.78591e-05
 82 -0.00405  4.00337e-06 | 83 -0.01734  1.79537e-05 | 84  0.14271  1.69767e-05
 85  0.11974  7.90678e-05 | 86 -0.12477  7.20450e-06 | 87 -0.15304  5.42555e-06
 88 -0.11707  1.11932e-05 | 89 -0.02973  1.25040e-05 | 90 -0.16112  1.10390e-05
 91  0.05368  1.58272e-05 | 92  0.10840  2.51790e-05 | 93 -0.03242  2.09236e-06
 94  0.03743 -1.12565e-05 | 95  0.10637 -1.03710e-05 | 96  0.03385 -1.13299e-05
 97 -0.01475 -6.50454e-06 | 98  0.07595 -1.49779e-05 | 99  0.03964 -1.85336e-05
100 -0.05285 -1.97661e-05 |101  0.06371 -1.82055e-05 |102 -0.00456 -2.33428e-05
103 -0.03666  2.01068e-06 |104  0.02714 -1.20930e-05 |105  0.10810 -3.29632e-06
106 -0.01373  6.49405e-07 |107  0.01747 -1.32253e-06 |108  0.00950  2.38369e-06
109 -0.04533 -3.27629e-06 |110 -0.08546 -8.76718e-07 |111 -0.03162  6.78141e-06
112  0.03576 -5.88418e-06 |113  0.06727  1.53952e-05 |114  0.04201  1.26153e-05
115 -0.03413  5.27162e-06 |116 -0.04987 -1.27976e-06 |117 -0.04321  7.11344e-07
118  0.09204  1.90870e-05 |119 -0.11229  5.27295e-06 |120  0.05556 -1.62099e-06
121 -0.12011 -7.55313e-06 |122  0.17625 -2.05321e-05 |123 -0.07778 -5.76337e-06
124  0.10956 -1.15641e-05 |125 -0.25062 -3.12378e-06 |126 -0.24291 -4.56694e-06
127  0.22778 -3.37025e-05 |128  0.07736 -4.86390e-06 |129  0.00000  1.28835e+01
130  0.00000 -8.13573e+00 |131  0.00000  3.92854e+00 |132  0.00000  5.81820e+00
133  0.00000  0.00000e+00 |134  0.00000  0.00000e+00 |135  0.00000  0.00000e+00
136  0.00000  0.00000e+00 |137  0.00000  0.00000e+00 |138  0.00000  0.00000e+00
139  0.00000  0.00000e+00 |140  0.00000  0.00000e+00 |141  0.00000  0.00000e+00
142  0.00000  0.00000e+00 |143  0.00000  0.00000e+00 |144  0.00000  0.00000e+00
145 -0.64786 -3.48491e-06 |146 -0.14607 -2.24999e-05 |147 -0.42766 -4.67097e-06
148 -0.03748 -1.18794e-07 |149 -0.44233 -1.77423e-05 |150 -0.28802  3.34444e-06
151 -0.49333 -2.37445e-06 |152 -0.91761 -1.06725e-06 |153  0.29307 -5.16068e-06
154  0.00028  1.30168e-06 |155  0.04674  9.75154e-06 |156 -0.52551  5.62862e-07
157 -0.55134  3.90003e-07 |158  0.07793  9.16388e-05 |159 -0.76151 -6.39723e-08
160 -0.08643 -5.57631e-05 |161  0.02549  2.52528e-05 |162 -0.02695  2.05112e-05
163  0.22363  1.08749e-04 |164  0.00054  1.68782e-06 |165 -0.02439 -1.48158e-04
166  0.21282  1.10640e-04 |167  0.00023 -9.57592e-07 |168 -0.03550 -2.24551e-04
169 -0.47649 -2.77490e-05 |170 -0.00022 -9.90645e-07 |171 -0.49135 -3.81538e-08
172 -0.06000  5.18653e-06 |173 -0.68290  7.38304e-06 |174  0.52305 -1.21961e-06
175 -0.52469  3.96822e-06 |176  0.01687 -1.49918e-06 |177 -0.12341 -1.51220e-05
178  0.02320  3.43676e-05 |179 -0.00643  2.67531e-07 |180 -0.01002 -3.98010e-06
181 -0.17739 -1.26313e-05 |182 -0.00520  1.18203e-05 |183  0.12066  6.67142e-05
184 -0.04811 -4.74229e-05 |185  0.09942  1.21300e-05 |186  0.06657  2.41574e-06
187 -0.42547  2.14844e-06 |188 -0.74872  7.76342e-08 |189  0.10751  4.08736e-05
190  0.00834  3.05143e-05 |191  0.00133 -1.06527e-05 |192  0.11071  2.00293e-04
193  0.09331  2.79959e-04 |194  0.08382  4.84894e-05 |195 -0.05322 -1.22732e-04
196 -0.07471 -2.02604e-04 |197 -0.09146 -3.44748e-05 |198  0.02489  7.67216e-05
199 -0.12158  4.44362e-05 |200 -0.82675  1.74462e-07 |201 -0.13371  2.42626e-05
202 -0.02503  7.82913e-05 |203  0.10082  1.07472e-05 |204  0.10493  3.78430e-05
205  0.11871 -2.25530e-06 |206  0.98664  7.26125e-06 |207 -0.21717 -7.57724e-05

Intermediate statistics: 207 variables; iteration 20; function evaluation 23; phase 6
Function value 5.2966352e+04; maximum gradient component mag -1.2242e+01
Var    Value     Gradient |Var    Value     Gradient |Var    Value     Gradient
  1  0.01085  1.04109e+00 |  2 -0.17461  9.52832e+00 |  3  0.14181  3.71036e+00
  4 -0.10365  5.74115e+00 |  5 -0.34527  2.15913e+00 |  6 -0.62175  1.72406e+00
  7  0.05989  2.75994e+00 |  8 -0.16378  7.36031e+00 |  9 -0.17529  4.01418e+00
 10  0.11349  3.98688e+00 | 11 -0.42101  1.00491e+00 | 12 -0.56314 -3.44757e-01
 13  0.04745 -6.06049e+00 | 14  0.00201 -1.85593e-03 | 15  0.00197 -1.87447e-03
 16  0.00195 -1.88653e-03 | 17  0.00196 -1.90180e-03 | 18  0.00201 -1.94417e-03
 19  0.00208 -2.03290e-03 | 20  0.00218 -2.15440e-03 | 21  0.00229 -2.31436e-03
 22  0.00239 -2.48834e-03 | 23  0.00247 -2.67124e-03 | 24  0.00251 -2.83678e-03
 25  0.00250 -2.96819e-03 | 26  0.00243 -3.05317e-03 | 27  0.00229 -3.08048e-03
 28  0.00207 -3.03620e-03 | 29  0.00180 -2.94295e-03 | 30  0.00153 -2.82486e-03
 31  0.00128 -2.73849e-03 | 32  0.00110 -2.71022e-03 | 33  0.00099 -2.78304e-03
 34  0.00090 -2.89590e-03 | 35  0.00083 -3.05571e-03 | 36  0.00075 -3.24121e-03
 37  0.00064 -3.45569e-03 | 38  0.00051 -3.68770e-03 | 39  0.00035 -3.91784e-03
 40  0.00014 -4.16903e-03 | 41 -0.00008 -4.43694e-03 | 42 -0.00035 -4.72960e-03
 43 -0.00062 -5.05250e-03 | 44 -0.00091 -5.41601e-03 | 45 -0.00120 -5.85907e-03
 46 -0.00149 -6.36117e-03 | 47 -0.00180 -6.94361e-03 | 48 -0.00213 -7.60285e-03
 49 -0.00248 -8.37666e-03 | 50 -0.00284 -9.26608e-03 | 51 -0.00323 -1.02950e-02
 52 -0.00368 -1.14537e-02 | 53 -0.00420 -1.27412e-02 | 54 -0.00481 -1.41535e-02
 55 -0.00551 -1.56895e-02 | 56 -0.00633 -1.73553e-02 | 57 -0.00725 -1.91504e-02
 58 -0.00824 -2.10663e-02 | 59 -0.00929 -2.31239e-02 | 60 -0.01036 -2.53405e-02
 61 -0.01141 -2.77098e-02 | 62 -0.01244 -3.02636e-02 | 63 -0.01344 -3.29810e-02
 64 -0.01431 -3.58515e-02 | 65 -0.01494 -3.89019e-02 | 66 -0.01519 -4.21521e-02
 67 -0.01484 -4.56868e-02 | 68 -0.01373 -4.96384e-02 | 69 -0.01167 -5.41993e-02
 70 -0.00865 -5.95673e-02 | 71 -0.00507 -6.56879e-02 | 72 -0.00197 -7.17307e-02
 73 -0.00094 -7.56940e-02 | 74 -0.00292 -7.54243e-02 | 75 -0.00667 -7.03350e-02
 76 -0.00916 -6.33869e-02 | 77 -0.00795 -5.67259e-02 | 78 -0.00382 -5.17917e-02
 79  0.00091 -5.18958e-02 | 80  0.00551 -6.60341e-02 | 81  0.00403 -1.02997e-01
 82 -0.00353 -1.68376e-01 | 83 -0.01712 -2.49989e-01 | 84  0.14338 -1.12455e+00
 85  0.11995 -1.24339e+00 | 86 -0.12401 -9.78125e-03 | 87 -0.15239  9.65052e-02
 88 -0.11655  1.86832e-01 | 89 -0.02944  5.12997e-01 | 90 -0.16048  5.63321e-01
 91  0.05415  2.33849e+00 | 92  0.10874  5.50533e-01 | 93 -0.03204 -1.16406e-01
 94  0.03776  2.10499e-03 | 95  0.10670 -1.00636e-01 | 96  0.03415 -1.84025e-01
 97 -0.01440 -8.90945e-02 | 98  0.07617 -4.92627e-01 | 99  0.03991 -4.82671e-02
100 -0.05244  1.78564e-01 |101  0.06394 -1.13308e-01 |102 -0.00433 -2.03316e-01
103 -0.03643 -1.56895e-02 |104  0.02730 -1.55108e-01 |105  0.10816 -7.92118e-01
106 -0.01357 -2.16038e-01 |107  0.01749 -3.33919e-01 |108  0.00945 -3.57206e-01
109 -0.04533 -1.78460e-01 |110 -0.08537 -4.72443e-02 |111 -0.03171 -7.81624e-02
112  0.03564 -7.52995e-02 |113  0.06726  5.28789e-02 |114  0.04185  1.54539e-02
115 -0.03414  7.03451e-02 |116 -0.05029  6.11852e-02 |117 -0.04333  4.04731e-01
118  0.09195  1.33605e+00 |119 -0.11261  2.48351e-01 |120  0.05538  1.01164e+00
121 -0.12053  2.01920e-01 |122  0.17575  4.14353e-01 |123 -0.07830 -5.19339e-02
124  0.10938  6.72620e-01 |125 -0.25101 -2.45395e-01 |126 -0.24531 -4.32823e-01
127  0.22609 -1.17002e+00 |128  0.07655 -1.08710e+00 |129 -0.00436  1.15324e+01
130  0.01715 -4.31673e+00 |131 -0.01116  1.79902e+00 |132 -0.01629  2.68945e+00
133  0.00000  0.00000e+00 |134  0.00000  0.00000e+00 |135  0.00000  0.00000e+00
136  0.00000  0.00000e+00 |137  0.00000  0.00000e+00 |138  0.00000  0.00000e+00
139  0.00000  0.00000e+00 |140  0.00000  0.00000e+00 |141  0.00000  0.00000e+00
142  0.00000  0.00000e+00 |143  0.00000  0.00000e+00 |144  0.00000  0.00000e+00
145 -0.64783  1.71054e-02 |146 -0.14614  1.67371e-01 |147 -0.42756  1.96551e-02
148 -0.04195  4.17442e-01 |149 -0.44255 -1.24125e-02 |150 -0.28805  2.58281e-03
151 -0.49338 -1.30587e-02 |152 -0.91762 -1.87461e-03 |153  0.29311 -3.97775e-01
154  0.00028  1.29997e-06 |155  0.04693  1.05033e+00 |156 -0.52551 -2.56406e-05
157 -0.55134 -2.21556e-05 |158  0.07751  8.67053e-02 |159 -0.76151 -8.37233e-04
160 -0.08680 -5.41409e-01 |161  0.02525 -1.33635e-01 |162 -0.02727 -1.73113e-01
163  0.22373  2.00611e+00 |164  0.00054  1.68076e-06 |165 -0.02439 -3.48091e+00
166  0.21311  3.83998e+00 |167  0.00023 -9.70915e-07 |168 -0.03554 -5.01733e+00
169 -0.47752 -4.73090e+00 |170 -0.00022 -9.75319e-07 |171 -0.49088  2.32027e-01
172 -0.06011 -8.66551e+00 |173 -0.68315 -2.93347e-01 |174  0.52270 -6.95148e-03
175 -0.52473 -9.46392e-02 |176  0.01711  1.49932e-01 |177 -0.12343  5.88261e-02
178  0.02313 -6.58087e-01 |179 -0.00706  1.82360e-01 |180 -0.01037  2.87954e-01
181 -0.17695  2.31347e+00 |182 -0.00538 -3.59120e+00 |183  0.12072 -4.47550e+00
184 -0.04799  5.30198e+00 |185  0.09939 -1.00830e-01 |186  0.06673 -5.14005e-02
187 -0.42546 -1.43995e-02 |188 -0.74871 -1.48810e-03 |189  0.10747 -1.18971e-02
190  0.00819 -1.22618e+00 |191  0.00133 -2.25512e-01 |192  0.11031 -1.22422e+01
193  0.09335 -3.64625e+00 |194  0.08377 -8.50725e-01 |195 -0.05291  1.16054e+01
196 -0.07470  2.40835e+00 |197 -0.09143  6.53564e-01 |198  0.02506 -1.58370e+00
199 -0.12201 -2.70390e-01 |200 -0.82675 -4.28198e-04 |201 -0.13362 -5.43833e-01
202 -0.02492 -5.39428e-01 |203  0.10074 -1.23634e-01 |204  0.10495 -1.25597e-01
205  0.11870 -5.21421e-03 |206  0.98666 -3.13210e-02 |207 -0.21727  7.58693e-01
207 variables; iteration 40; function evaluation 43; phase 6
Function value 5.2966307e+04; maximum gradient component mag -1.0835e+01
Var    Value     Gradient |Var    Value     Gradient |Var    Value     Gradient
  1  0.00990  1.09152e-01 |  2 -0.17458  8.10053e+00 |  3  0.14207  4.18046e+00
  4 -0.10393  4.21059e+00 |  5 -0.34538  1.33599e+00 |  6 -0.62205  1.48296e+00
  7  0.05915  3.58429e+00 |  8 -0.16388  6.28542e+00 |  9 -0.17515  4.22380e+00
 10  0.11346  3.93196e+00 | 11 -0.42123  2.55458e-01 | 12 -0.56314 -4.08563e-01
 13  0.04720 -5.16799e+00 | 14  0.00198 -3.78253e-03 | 15  0.00195 -3.70180e-03
 16  0.00193 -3.64632e-03 | 17  0.00194 -3.62224e-03 | 18  0.00198 -3.64300e-03
 19  0.00206 -3.71283e-03 | 20  0.00216 -3.79976e-03 | 21  0.00226 -3.90528e-03
 22  0.00236 -4.00245e-03 | 23  0.00244 -4.09864e-03 | 24  0.00248 -4.17720e-03
 25  0.00247 -4.23653e-03 | 26  0.00240 -4.28244e-03 | 27  0.00226 -4.31764e-03
 28  0.00204 -4.33044e-03 | 29  0.00178 -4.33227e-03 | 30  0.00150 -4.30240e-03
 31  0.00126 -4.32141e-03 | 32  0.00107 -4.38586e-03 | 33  0.00097 -4.53894e-03
 34  0.00088 -4.73905e-03 | 35  0.00080 -4.99390e-03 | 36  0.00072 -5.28100e-03
 37  0.00062 -5.60398e-03 | 38  0.00048 -5.94131e-03 | 39  0.00032 -6.26917e-03
 40  0.00011 -6.62120e-03 | 41 -0.00012 -6.99349e-03 | 42 -0.00038 -7.41003e-03
 43 -0.00065 -7.88522e-03 | 44 -0.00095 -8.44583e-03 | 45 -0.00123 -9.14480e-03
 46 -0.00153 -9.96671e-03 | 47 -0.00184 -1.09416e-02 | 48 -0.00218 -1.20653e-02
 49 -0.00252 -1.33896e-02 | 50 -0.00289 -1.49228e-02 | 51 -0.00329 -1.66997e-02
 52 -0.00374 -1.87198e-02 | 53 -0.00427 -2.09859e-02 | 54 -0.00489 -2.35197e-02
 55 -0.00561 -2.63389e-02 | 56 -0.00643 -2.94752e-02 | 57 -0.00737 -3.29282e-02
 58 -0.00837 -3.67141e-02 | 59 -0.00943 -4.08802e-02 | 60 -0.01051 -4.54574e-02
 61 -0.01158 -5.04211e-02 | 62 -0.01263 -5.58375e-02 | 63 -0.01364 -6.16567e-02
 64 -0.01453 -6.78270e-02 | 65 -0.01518 -7.43007e-02 | 66 -0.01543 -8.10171e-02
 67 -0.01511 -8.79631e-02 | 68 -0.01400 -9.51926e-02 | 69 -0.01196 -1.02824e-01
 70 -0.00896 -1.10839e-01 | 71 -0.00538 -1.18560e-01 | 72 -0.00228 -1.23673e-01
 73 -0.00123 -1.21543e-01 | 74 -0.00315 -1.06511e-01 | 75 -0.00679 -7.57038e-02
 76 -0.00915 -3.50737e-02 | 77 -0.00782  6.77220e-03 | 78 -0.00360  3.89167e-02
 79  0.00117  4.28940e-02 | 80  0.00572 -1.13778e-02 | 81  0.00406 -1.47773e-01
 82 -0.00369 -3.38629e-01 | 83 -0.01721 -4.81461e-01 | 84  0.14331 -2.18362e+00
 85  0.11992 -2.26004e+00 | 86 -0.12382 -1.80878e-01 | 87 -0.15228 -7.32512e-02
 88 -0.11650 -6.07172e-02 | 89 -0.02935  1.02836e-01 | 90 -0.16042  3.58244e-01
 91  0.05418  2.42388e+00 | 92  0.10909  3.30367e+00 | 93 -0.03206  4.58878e-01
 94  0.03794  1.79912e+00 | 95  0.10721  3.81164e+00 | 96  0.03401  1.51429e-01
 97 -0.01455 -8.75371e-01 | 98  0.07583 -3.11700e+00 | 99  0.03951 -2.24429e+00
100 -0.05255 -7.21253e-01 |101  0.06350 -2.37269e+00 |102 -0.00459 -1.07648e+00
103 -0.03645 -9.83987e-02 |104  0.02746  2.33620e-01 |105  0.10802 -5.49120e-01
106 -0.01378 -3.97277e-01 |107  0.01741 -4.51838e-01 |108  0.00947 -4.24211e-01
109 -0.04548 -3.73451e-01 |110 -0.08554 -2.32401e-01 |111 -0.03194 -2.13547e-01
112  0.03567  3.08950e-01 |113  0.06742  7.78103e-01 |114  0.04166 -1.03303e-01
115 -0.03437 -1.82671e-01 |116 -0.05011  2.87972e-01 |117 -0.04335  6.54292e-01
118  0.09208  2.06336e+00 |119 -0.11287  2.21175e-01 |120  0.05538  1.05109e+00
121 -0.12250 -1.80470e-02 |122  0.17563 -4.20657e-01 |123 -0.07792 -2.32771e-01
124  0.10914 -8.53123e-01 |125 -0.25023 -1.69526e-01 |126 -0.24510 -2.78893e-01
127  0.22617 -8.80514e-01 |128  0.07871 -7.05291e-01 |129 -0.00627  1.03293e+01
130  0.02360 -3.75389e+00 |131 -0.01321  1.87871e+00 |132 -0.01931  2.79130e+00
133  0.00000  0.00000e+00 |134  0.00000  0.00000e+00 |135  0.00000  0.00000e+00
136  0.00000  0.00000e+00 |137  0.00000  0.00000e+00 |138  0.00000  0.00000e+00
139  0.00000  0.00000e+00 |140  0.00000  0.00000e+00 |141  0.00000  0.00000e+00
142  0.00000  0.00000e+00 |143  0.00000  0.00000e+00 |144  0.00000  0.00000e+00
145 -0.64782 -3.33384e-02 |146 -0.14602  9.83728e-01 |147 -0.42754 -1.35199e-02
148 -0.09582 -8.56204e-01 |149 -0.44233  9.29966e-02 |150 -0.28810 -8.90061e-03
151 -0.49347 -1.62126e-02 |152 -0.91758 -1.10132e-03 |153  0.29320  5.30439e-02
154  0.00028  1.29943e-06 |155  0.04684 -2.27649e-02 |156 -0.52551 -2.63629e-05
157 -0.55133 -2.41321e-05 |158  0.07736 -2.08705e+00 |159 -0.76151 -4.52711e-04
160 -0.08666  1.50290e+00 |161  0.02543 -1.43746e-01 |162 -0.02729 -1.49627e-01
163  0.22308  2.31630e-01 |164  0.00054  1.68755e-06 |165 -0.02474 -4.11391e+00
166  0.21323  3.78309e+00 |167  0.00023 -9.56152e-07 |168 -0.03539 -4.53515e+00
169 -0.47752 -4.81508e+00 |170 -0.00022 -9.80836e-07 |171 -0.48589  2.38187e-01
172 -0.06021 -7.73287e+00 |173 -0.68281 -2.78882e-01 |174  0.52211 -7.49843e-02
175 -0.52472 -1.19052e-01 |176  0.01678  2.90964e-01 |177 -0.12339  5.72893e-01
178  0.02279 -2.22489e+00 |179 -0.00985 -6.90785e-02 |180 -0.01008  2.28276e-01
181 -0.17713  4.83836e-01 |182 -0.00564 -4.11246e+00 |183  0.12058 -4.05797e+00
184 -0.04808  4.63393e+00 |185  0.09938 -9.38649e-02 |186  0.06665 -3.31911e-02
187 -0.42530 -1.39987e-02 |188 -0.74868 -9.08220e-04 |189  0.10760  6.67262e-01
190  0.00851 -1.25173e+00 |191  0.00151  1.29032e+00 |192  0.11028 -1.08350e+01
193  0.09355 -1.75822e+00 |194  0.08370 -1.20360e+00 |195 -0.05305  1.00411e+01
196 -0.07443  4.06439e+00 |197 -0.09137  9.46357e-01 |198  0.02484 -1.41230e+00
199 -0.12179  9.32683e-02 |200 -0.82675 -7.98761e-04 |201 -0.13336 -4.80473e-01
202 -0.02518 -3.66646e-01 |203  0.10058 -1.58399e-01 |204  0.10510  2.42213e+00
205  0.11871  1.63655e-03 |206  0.98679 -4.94355e-02 |207 -0.21698  1.37676e+00
207 variables; iteration 60; function evaluation 64; phase 6
Function value 5.2966115e+04; maximum gradient component mag 3.0666e+00
Var    Value     Gradient |Var    Value     Gradient |Var    Value     Gradient
  1  0.01286 -3.83015e-01 |  2 -0.17494 -1.96251e-01 |  3  0.14199  4.80786e-01
  4 -0.10381 -7.34752e-01 |  5 -0.34595  3.56618e-01 |  6 -0.62151  7.42158e-01
  7  0.06182  1.69637e-01 |  8 -0.16412  7.86384e-02 |  9 -0.17549 -2.29347e-01
 10  0.11362 -3.82411e-01 | 11 -0.42143  1.09449e-01 | 12 -0.56280  9.04117e-02
 13  0.04773  1.89238e+00 | 14  0.00224  3.19921e-02 | 15  0.00221  3.28514e-02
 16  0.00220  3.39873e-02 | 17  0.00222  3.56180e-02 | 18  0.00228  3.78884e-02
 19  0.00238  4.08242e-02 | 20  0.00250  4.43113e-02 | 21  0.00263  4.81643e-02
 22  0.00276  5.21081e-02 | 23  0.00287  5.58239e-02 | 24  0.00293  5.89224e-02
 25  0.00294  6.09878e-02 | 26  0.00287  6.16091e-02 | 27  0.00272  6.04404e-02
 28  0.00248  5.73820e-02 | 29  0.00218  5.29731e-02 | 30  0.00187  4.84551e-02
 31  0.00160  4.44731e-02 | 32  0.00140  4.20056e-02 | 33  0.00128  4.15257e-02
 34  0.00120  4.18119e-02 | 35  0.00113  4.27832e-02 | 36  0.00106  4.40008e-02
 37  0.00096  4.50504e-02 | 38  0.00083  4.59989e-02 | 39  0.00067  4.65891e-02
 40  0.00047  4.69048e-02 | 41  0.00024  4.73318e-02 | 42 -0.00002  4.76941e-02
 43 -0.00029  4.84098e-02 | 44 -0.00058  4.94867e-02 | 45 -0.00085  5.13794e-02
 46 -0.00113  5.37684e-02 | 47 -0.00142  5.67804e-02 | 48 -0.00173  6.02743e-02
 49 -0.00205  6.46749e-02 | 50 -0.00238  7.00171e-02 | 51 -0.00273  7.63882e-02
 52 -0.00313  8.34285e-02 | 53 -0.00360  9.08422e-02 | 54 -0.00416  9.83770e-02
 55 -0.00482  1.05813e-01 | 56 -0.00560  1.12900e-01 | 57 -0.00648  1.19342e-01
 58 -0.00744  1.24884e-01 | 59 -0.00846  1.29670e-01 | 60 -0.00951  1.33788e-01
 61 -0.01054  1.36908e-01 | 62 -0.01156  1.39338e-01 | 63 -0.01255  1.40560e-01
 64 -0.01343  1.40612e-01 | 65 -0.01408  1.39952e-01 | 66 -0.01434  1.38923e-01
 67 -0.01402  1.38274e-01 | 68 -0.01292  1.38854e-01 | 69 -0.01087  1.41762e-01
 70 -0.00786  1.48622e-01 | 71 -0.00426  1.61422e-01 | 72 -0.00112  1.80410e-01
 73 -0.00007  2.01667e-01 | 74 -0.00207  2.25682e-01 | 75 -0.00579  2.63930e-01
 76 -0.00821  3.21119e-01 | 77 -0.00695  3.82908e-01 | 78 -0.00285  4.35549e-01
 79  0.00174  4.64835e-01 | 80  0.00611  4.65964e-01 | 81  0.00444  4.31786e-01
 82 -0.00310  3.91063e-01 | 83 -0.01672  2.99926e-01 | 84  0.14395  2.91171e-01
 85  0.11980 -5.01518e-01 | 86 -0.12350  5.02901e-02 | 87 -0.15251 -1.68304e-01
 88 -0.11663 -2.93038e-01 | 89 -0.02929 -4.36669e-01 | 90 -0.16049 -8.75973e-02
 91  0.05401 -7.01889e-01 | 92  0.10898  3.01509e-01 | 93 -0.03178  3.36230e-01
 94  0.03819  9.90824e-01 | 95  0.10689  8.86986e-02 | 96  0.03405 -9.44461e-01
 97 -0.01448 -3.86411e-01 | 98  0.07675  6.27813e-01 | 99  0.03946 -1.86066e+00
100 -0.05262 -3.18596e-01 |101  0.06451  1.43769e+00 |102 -0.00347  1.41675e+00
103 -0.03607  5.99949e-01 |104  0.02756  4.18751e-01 |105  0.10885  1.17387e+00
106 -0.01376 -2.24583e-01 |107  0.01846  5.35652e-01 |108  0.00961 -8.71113e-01
109 -0.04591 -1.36872e+00 |110 -0.08578 -9.91441e-01 |111 -0.03183 -9.52890e-01
112  0.03597 -5.47553e-01 |113  0.06687 -5.17614e-01 |114  0.04206  6.84029e-01
115 -0.03380  9.45079e-01 |116 -0.05026  4.99181e-01 |117 -0.04391  1.95083e-01
118  0.09194  1.81171e+00 |119 -0.11292  1.68930e-01 |120  0.05465 -6.64548e-01
121 -0.12208 -1.58253e-01 |122  0.17520 -8.63515e-01 |123 -0.07856 -2.79828e-01
124  0.10861 -8.56887e-03 |125 -0.25092  9.12933e-02 |126 -0.24542  2.67771e-01
127  0.22486 -2.42389e-01 |128  0.07768  1.17584e-01 |129 -0.03138  6.03472e-01
130  0.03825  1.50204e-01 |131 -0.02088  2.50978e-01 |132 -0.03023  4.35300e-01
133  0.00000  0.00000e+00 |134  0.00000  0.00000e+00 |135  0.00000  0.00000e+00
136  0.00000  0.00000e+00 |137  0.00000  0.00000e+00 |138  0.00000  0.00000e+00
139  0.00000  0.00000e+00 |140  0.00000  0.00000e+00 |141  0.00000  0.00000e+00
142  0.00000  0.00000e+00 |143  0.00000  0.00000e+00 |144  0.00000  0.00000e+00
145 -0.64773  7.46517e-02 |146 -0.14643  2.82310e-02 |147 -0.42746  3.41362e-02
148 -0.07718 -7.73519e-02 |149 -0.44435 -4.72526e-01 |150 -0.28839 -3.20961e-02
151 -0.49172  5.37939e-02 |152 -0.91701 -8.43224e-03 |153  0.29469 -2.82618e-02
154  0.00028  1.29364e-06 |155  0.04750  5.68825e-01 |156 -0.52544 -1.41674e-05
157 -0.55127 -6.89261e-06 |158  0.07739 -1.20973e-01 |159 -0.76150  3.59334e-04
160 -0.08672  4.45576e-02 |161  0.02755 -2.39475e-02 |162 -0.02852 -4.08792e-02
163  0.22368 -8.57953e-02 |164  0.00054  1.66160e-06 |165 -0.02435 -3.33040e-01
166  0.21274 -5.40775e-03 |167  0.00023 -9.88364e-07 |168 -0.03560 -5.26379e-01
169 -0.47574 -2.07361e+00 |170 -0.00022 -9.80451e-07 |171 -0.44085  1.32204e-01
172 -0.06011  2.96502e+00 |173 -0.68313 -3.63056e-02 |174  0.52268 -4.95150e-02
175 -0.52386  8.67062e-01 |176  0.01646  4.70541e-02 |177 -0.12274  3.06660e+00
178  0.02349  1.41786e+00 |179 -0.00085  2.07212e-01 |180 -0.01086 -1.64784e-01
181 -0.17741 -3.76523e-01 |182 -0.00524  6.10701e-01 |183  0.12135  9.08383e-01
184 -0.04756  9.05126e-01 |185  0.09912 -6.55495e-02 |186  0.06691 -1.41595e-02
187 -0.42376 -9.63932e-03 |188 -0.74843 -1.15709e-03 |189  0.10794  1.38332e+00
190  0.00851  5.63816e-01 |191  0.00131 -1.12252e-01 |192  0.11125  9.46574e-01
193  0.09365  8.07938e-01 |194  0.08394  6.26870e-01 |195 -0.05254  2.24983e+00
196 -0.07445  3.95239e-01 |197 -0.09156 -5.08410e-01 |198  0.02529  1.64375e+00
199 -0.12369 -3.43299e-01 |200 -0.82682  5.86360e-04 |201 -0.13180  7.04152e-01
202 -0.02473 -1.07469e+00 |203  0.10057  8.26238e-02 |204  0.10493  1.76468e-01
205  0.11870 -2.63911e-03 |206  0.98658  1.05805e-02 |207 -0.21792 -4.77606e-01
207 variables; iteration 80; function evaluation 84; phase 6
Function value 5.2966102e+04; maximum gradient component mag 1.2971e+00
Var    Value     Gradient |Var    Value     Gradient |Var    Value     Gradient
  1  0.01088 -2.85423e-01 |  2 -0.17507 -1.16329e-01 |  3  0.14166 -8.24251e-02
  4 -0.10338  1.31770e-01 |  5 -0.34597 -5.69043e-02 |  6 -0.62144  2.54032e-01
  7  0.05979 -2.51989e-01 |  8 -0.16396  2.30449e-01 |  9 -0.17527  1.11707e-01
 10  0.11324 -2.78939e-01 | 11 -0.42158 -2.68899e-01 | 12 -0.56290  2.40877e-02
 13  0.04737 -1.51034e-01 | 14  0.00204  7.49630e-04 | 15  0.00200  7.25830e-04
 16  0.00198  6.94966e-04 | 17  0.00199  6.27416e-04 | 18  0.00204  5.01623e-04
 19  0.00211  3.03609e-04 | 20  0.00221  1.91865e-05 | 21  0.00232 -3.32462e-04
 22  0.00242 -7.28795e-04 | 23  0.00250 -1.11239e-03 | 24  0.00254 -1.42492e-03
 25  0.00253 -1.59166e-03 | 26  0.00246 -1.53467e-03 | 27  0.00232 -1.19916e-03
 28  0.00210 -5.94164e-04 | 29  0.00184  1.80022e-04 | 30  0.00156  8.37409e-04
 31  0.00132  1.50693e-03 | 32  0.00114  1.99204e-03 | 33  0.00103  2.29070e-03
 34  0.00094  2.54154e-03 | 35  0.00087  2.76024e-03 | 36  0.00079  2.97657e-03
 37  0.00069  3.22075e-03 | 38  0.00056  3.47036e-03 | 39  0.00039  3.72646e-03
 40  0.00019  3.99649e-03 | 41 -0.00004  4.25754e-03 | 42 -0.00030  4.54990e-03
 43 -0.00058  4.88175e-03 | 44 -0.00087  5.28692e-03 | 45 -0.00115  5.78918e-03
 46 -0.00145  6.39806e-03 | 47 -0.00175  7.15548e-03 | 48 -0.00208  8.05676e-03
 49 -0.00241  9.17721e-03 | 50 -0.00277  1.05433e-02 | 51 -0.00315  1.21957e-02
 52 -0.00359  1.41602e-02 | 53 -0.00409  1.64593e-02 | 54 -0.00469  1.91330e-02
 55 -0.00538  2.22071e-02 | 56 -0.00618  2.56936e-02 | 57 -0.00708  2.95416e-02
 58 -0.00805  3.36685e-02 | 59 -0.00908  3.80526e-02 | 60 -0.01013  4.26256e-02
 61 -0.01116  4.72031e-02 | 62 -0.01217  5.17999e-02 | 63 -0.01315  5.62101e-02
 64 -0.01401  6.03774e-02 | 65 -0.01463  6.44467e-02 | 66 -0.01487  6.86454e-02
 67 -0.01452  7.34065e-02 | 68 -0.01340  7.92507e-02 | 69 -0.01133  8.67870e-02
 70 -0.00830  9.66756e-02 | 71 -0.00470  1.09240e-01 | 72 -0.00158  1.23431e-01
 73 -0.00055  1.36754e-01 | 74 -0.00256  1.46634e-01 | 75 -0.00635  1.52865e-01
 76 -0.00889  1.60184e-01 | 77 -0.00775  1.66409e-01 | 78 -0.00373  1.71271e-01
 79  0.00090  1.77631e-01 | 80  0.00546  1.97774e-01 | 81  0.00408  2.31228e-01
 82 -0.00326  2.53989e-01 | 83 -0.01693  1.69773e-01 | 84  0.14351  8.67747e-02
 85  0.11996 -3.02752e-01 | 86 -0.12401 -5.11787e-03 | 87 -0.15198  1.71499e-01
 88 -0.11675 -1.49376e-01 | 89 -0.02931 -2.14348e-01 | 90 -0.16070 -1.07691e-01
 91  0.05408 -8.51391e-02 | 92  0.10890 -1.82452e-03 | 93 -0.03240 -5.44098e-01
 94  0.03822  8.52916e-01 | 95  0.10666 -2.68822e-01 | 96  0.03414 -4.30548e-01
 97 -0.01431  4.16131e-02 | 98  0.07640  1.67344e-01 | 99  0.03961 -1.00879e+00
100 -0.05239 -2.39006e-04 |101  0.06416  5.19021e-01 |102 -0.00406  4.57007e-01
103 -0.03625  3.14646e-01 |104  0.02755  3.29890e-01 |105  0.10836  3.17608e-01
106 -0.01346  1.39516e-01 |107  0.01793  2.35235e-01 |108  0.00937 -6.35432e-01
109 -0.04543 -4.81606e-01 |110 -0.08545 -2.15299e-01 |111 -0.03144  3.61576e-02
112  0.03591  7.49764e-02 |113  0.06681 -4.80484e-01 |114  0.04210  5.23271e-01
115 -0.03381  5.59755e-01 |116 -0.05046 -1.29100e-01 |117 -0.04386 -2.28111e-01
118  0.09199  9.88869e-01 |119 -0.11306  3.95959e-02 |120  0.05504 -1.72586e-01
121 -0.12235 -2.76035e-01 |122  0.17549 -1.00005e-01 |123 -0.07784  1.61605e-01
124  0.10889 -2.10964e-02 |125 -0.25046  1.58695e-01 |126 -0.24519  8.68910e-03
127  0.22552 -2.07047e-01 |128  0.07739 -1.14234e-01 |129 -0.03240  1.24851e-01
130  0.03757  5.31930e-02 |131 -0.02205  9.32417e-03 |132 -0.03188  9.15057e-02
133  0.00000  0.00000e+00 |134  0.00000  0.00000e+00 |135  0.00000  0.00000e+00
136  0.00000  0.00000e+00 |137  0.00000  0.00000e+00 |138  0.00000  0.00000e+00
139  0.00000  0.00000e+00 |140  0.00000  0.00000e+00 |141  0.00000  0.00000e+00
142  0.00000  0.00000e+00 |143  0.00000  0.00000e+00 |144  0.00000  0.00000e+00
145 -0.64780  3.54940e-02 |146 -0.14605  7.74173e-02 |147 -0.42759  2.36119e-02
148 -0.07527 -4.81112e-03 |149 -0.44258 -1.05507e-01 |150 -0.28852 -4.51499e-02
151 -0.49663 -8.87474e-02 |152 -0.91668 -2.43232e-03 |153  0.29440  6.86152e-02
154  0.00028  1.29012e-06 |155  0.04741  2.61753e-01 |156 -0.52541 -1.93205e-05
157 -0.55124 -1.34541e-05 |158  0.07748 -1.44658e-01 |159 -0.76149  8.08207e-05
160 -0.08673 -1.00972e-01 |161  0.02200 -7.69547e-02 |162 -0.02498 -5.14746e-02
163  0.22351 -4.24393e-02 |164  0.00054  1.65851e-06 |165 -0.02440 -1.32879e-02
166  0.21278 -1.18842e-01 |167  0.00023 -9.81888e-07 |168 -0.03553 -7.93460e-02
169 -0.47666 -7.60800e-02 |170 -0.00021 -9.66433e-07 |171 -0.46208  4.83683e-03
172 -0.06010 -3.87092e-01 |173 -0.68307 -1.92394e-02 |174  0.52150 -7.76192e-02
175 -0.52419  3.99259e-01 |176  0.01698  1.21563e-02 |177 -0.12314  1.29706e+00
178  0.02333  5.76749e-01 |179 -0.01016 -6.24520e-02 |180 -0.00980  1.53542e-01
181 -0.17673  3.42818e-02 |182 -0.00535 -8.34579e-02 |183  0.12087  2.38407e-01
184 -0.04794  2.13041e-01 |185  0.09917 -1.12804e-02 |186  0.06701  2.33364e-02
187 -0.42389 -1.74251e-03 |188 -0.74836 -6.19026e-04 |189  0.10769  5.12170e-01
190  0.00854  4.49875e-01 |191  0.00133 -4.02963e-02 |192  0.11087  3.84278e-01
193  0.09348  2.20073e-01 |194  0.08393  2.82079e-01 |195 -0.05303  5.99825e-01
196 -0.07458  2.07505e-01 |197 -0.09138 -1.63143e-01 |198  0.02561  4.00717e-01
199 -0.12251 -1.66152e-01 |200 -0.82691  2.32520e-04 |201 -0.13484  1.15972e-01
202 -0.02495 -6.00959e-01 |203  0.10087  7.55027e-02 |204  0.10493 -2.18822e-03
205  0.11870 -8.61345e-03 |206  0.98729  2.43368e-02 |207 -0.21754 -3.61102e-01
207 variables; iteration 100; function evaluation 106; phase 6
Function value 5.2966100e+04; maximum gradient component mag -6.5306e-01
Var    Value     Gradient |Var    Value     Gradient |Var    Value     Gradient
  1  0.01071  9.40278e-02 |  2 -0.17503  1.28774e-01 |  3  0.14185 -4.33379e-04
  4 -0.10357  4.03125e-02 |  5 -0.34568  3.61495e-02 |  6 -0.62176 -1.23862e-01
  7  0.05967  5.09870e-02 |  8 -0.16421  1.73160e-02 |  9 -0.17538  1.46203e-02
 10  0.11363  1.71475e-01 | 11 -0.42113  1.78978e-01 | 12 -0.56295 -2.65789e-02
 13  0.04745 -6.35984e-01 | 14  0.00206  8.16029e-03 | 15  0.00203  8.28323e-03
 16  0.00202  8.45445e-03 | 17  0.00203  8.72416e-03 | 18  0.00207  9.12076e-03
 19  0.00215  9.64257e-03 | 20  0.00226  1.02595e-02 | 21  0.00237  1.09228e-02
 22  0.00247  1.15763e-02 | 23  0.00256  1.21638e-02 | 24  0.00260  1.26301e-02
 25  0.00260  1.29225e-02 | 26  0.00253  1.29905e-02 | 27  0.00238  1.27821e-02
 28  0.00216  1.22625e-02 | 29  0.00189  1.14797e-02 | 30  0.00161  1.05879e-02
 31  0.00136  9.77978e-03 | 32  0.00117  9.22984e-03 | 33  0.00106  9.05103e-03
 34  0.00097  9.02646e-03 | 35  0.00090  9.13815e-03 | 36  0.00082  9.29694e-03
 37  0.00071  9.40842e-03 | 38  0.00058  9.47849e-03 | 39  0.00042  9.44643e-03
 40  0.00021  9.32097e-03 | 41 -0.00002  9.18448e-03 | 42 -0.00028  8.99644e-03
 43 -0.00056  8.85384e-03 | 44 -0.00085  8.76473e-03 | 45 -0.00113  8.83683e-03
 46 -0.00143  9.01497e-03 | 47 -0.00173  9.32074e-03 | 48 -0.00206  9.73341e-03
 49 -0.00240  1.03232e-02 | 50 -0.00276  1.10924e-02 | 51 -0.00314  1.20441e-02
 52 -0.00358  1.30775e-02 | 53 -0.00409  1.40995e-02 | 54 -0.00469  1.50147e-02
 55 -0.00539  1.57296e-02 | 56 -0.00621  1.61353e-02 | 57 -0.00713  1.61193e-02
 58 -0.00812  1.56185e-02 | 59 -0.00917  1.46696e-02 | 60 -0.01024  1.33515e-02
 61 -0.01130  1.17184e-02 | 62 -0.01234  9.92544e-03 | 63 -0.01334  8.04259e-03
 64 -0.01423  6.20366e-03 | 65 -0.01487  4.47039e-03 | 66 -0.01512  2.72458e-03
 67 -0.01478  7.05570e-04 | 68 -0.01368 -1.95813e-03 | 69 -0.01164 -5.70634e-03
 70 -0.00866 -1.09372e-02 | 71 -0.00511 -1.77290e-02 | 72 -0.00205 -2.58523e-02
 73 -0.00107 -3.56528e-02 | 74 -0.00312 -4.67032e-02 | 75 -0.00693 -5.61333e-02
 76 -0.00947 -6.29410e-02 | 77 -0.00828 -6.04717e-02 | 78 -0.00410 -4.43497e-02
 79  0.00073 -2.15921e-02 | 80  0.00538 -1.62562e-02 | 81  0.00382 -4.82359e-02
 82 -0.00389 -1.02133e-01 | 83 -0.01732 -7.07487e-02 | 84  0.14343 -4.61070e-02
 85  0.12001  4.28292e-04 | 86 -0.12385  1.07312e-01 | 87 -0.15231  9.00198e-02
 88 -0.11678 -6.72080e-02 | 89 -0.02937  1.98041e-02 | 90 -0.16082 -1.08454e-01
 91  0.05401 -6.64508e-03 | 92  0.10873 -5.58096e-02 | 93 -0.03198  6.24863e-02
 94  0.03776  9.35023e-03 | 95  0.10668 -3.62939e-02 | 96  0.03419 -3.47078e-02
 97 -0.01441 -4.55309e-02 | 98  0.07626  2.66934e-02 | 99  0.03990 -7.65790e-02
100 -0.05244  2.46747e-02 |101  0.06402  3.67320e-02 |102 -0.00430 -8.11181e-03
103 -0.03625  1.01107e-01 |104  0.02736 -1.02230e-02 |105  0.10830  2.91217e-02
106 -0.01351 -1.76048e-02 |107  0.01765  1.92473e-02 |108  0.00959 -2.91955e-02
109 -0.04514  1.46440e-04 |110 -0.08547 -9.07547e-02 |111 -0.03149 -4.24594e-03
112  0.03561 -4.59948e-02 |113  0.06724  1.02285e-01 |114  0.04168 -1.07710e-01
115 -0.03403  1.41730e-01 |116 -0.05035  7.80548e-03 |117 -0.04354 -4.83534e-02
118  0.09171  7.71703e-02 |119 -0.11280  2.33406e-02 |120  0.05501 -7.91268e-03
121 -0.12175 -3.32338e-02 |122  0.17548  2.71854e-02 |123 -0.07783  1.26612e-01
124  0.10890 -1.08285e-01 |125 -0.25037  1.22313e-01 |126 -0.24482  3.55035e-02
127  0.22573 -9.27003e-02 |128  0.07747 -5.91819e-02 |129 -0.03249  2.26578e-02
130  0.03753  3.52437e-02 |131 -0.02188  3.90777e-02 |132 -0.03243 -2.18666e-02
133  0.00000  0.00000e+00 |134  0.00000  0.00000e+00 |135  0.00000  0.00000e+00
136  0.00000  0.00000e+00 |137  0.00000  0.00000e+00 |138  0.00000  0.00000e+00
139  0.00000  0.00000e+00 |140  0.00000  0.00000e+00 |141  0.00000  0.00000e+00
142  0.00000  0.00000e+00 |143  0.00000  0.00000e+00 |144  0.00000  0.00000e+00
145 -0.64783  4.12657e-03 |146 -0.14621 -2.17885e-02 |147 -0.42759 -4.59430e-03
148 -0.07504 -4.29315e-04 |149 -0.44243  2.24537e-03 |150 -0.28742  6.07599e-02
151 -0.49348 -3.61414e-03 |152 -0.91639  9.95355e-06 |153  0.29255 -5.23563e-02
154  0.00028  1.28307e-06 |155  0.04672 -1.23281e-02 |156 -0.52538 -3.40454e-05
157 -0.55121 -3.54817e-05 |158  0.07715 -1.04413e-01 |159 -0.76148  4.30170e-05
160 -0.08700 -1.49957e-01 |161  0.03038  1.65224e-02 |162 -0.03063 -2.60404e-02
163  0.22348 -3.56466e-02 |164  0.00054  1.66016e-06 |165 -0.02441  2.81586e-02
166  0.21275 -2.36104e-01 |167  0.00023 -9.57227e-07 |168 -0.03556 -8.62277e-02
169 -0.47679  2.23762e-01 |170 -0.00021 -9.62673e-07 |171 -0.46747 -1.18955e-02
172 -0.06012 -6.53058e-01 |173 -0.68309 -6.17301e-02 |174  0.52204 -2.05540e-02
175 -0.52419  1.06703e-01 |176  0.01727  2.56174e-02 |177 -0.12347  7.77065e-02
178  0.02321  2.19401e-02 |179 -0.00782  1.41350e-02 |180 -0.01027  5.02385e-04
181 -0.17687  8.90825e-02 |182 -0.00539 -1.90653e-01 |183  0.12072 -4.50019e-02
184 -0.04807  1.52491e-02 |185  0.09922  1.51284e-03 |186  0.06655 -1.31082e-02
187 -0.42415  4.34285e-04 |188 -0.74817 -6.71114e-05 |189  0.10752  1.41976e-02
190  0.00828 -2.53254e-02 |191  0.00133 -8.86433e-03 |192  0.11060 -3.62462e-02
193  0.09337 -8.20364e-02 |194  0.08449  7.25901e-02 |195 -0.05331  1.58984e-02
196 -0.07467  4.54813e-02 |197 -0.09092  5.37792e-02 |198  0.02516  1.92333e-01
199 -0.12224 -3.95892e-02 |200 -0.82694  3.23326e-03 |201 -0.13299  9.89942e-02
202 -0.02482 -6.06809e-02 |203  0.09880 -9.54244e-02 |204  0.10493 -3.37878e-02
205  0.11870 -3.55512e-03 |206  0.98678  3.71012e-03 |207 -0.21736 -7.55263e-02
207 variables; iteration 120; function evaluation 131; phase 6
Function value 5.2966099e+04; maximum gradient component mag 3.3867e-02
Var    Value     Gradient |Var    Value     Gradient |Var    Value     Gradient
  1  0.01080  1.02854e-02 |  2 -0.17503  3.64294e-03 |  3  0.14183 -1.97827e-03
  4 -0.10356  2.53934e-03 |  5 -0.34574  2.57755e-03 |  6 -0.62172 -6.95148e-03
  7  0.05973  8.71931e-03 |  8 -0.16411  2.31249e-03 |  9 -0.17535  2.29961e-03
 10  0.11349  3.89559e-03 | 11 -0.42130  8.38413e-03 | 12 -0.56291 -1.44594e-03
 13  0.04745 -3.10068e-02 | 14  0.00207  8.83998e-03 | 15  0.00204  8.25600e-03
 16  0.00201  7.65752e-03 | 17  0.00202  7.00780e-03 | 18  0.00206  6.22771e-03
 19  0.00213  5.18476e-03 | 20  0.00222  3.69788e-03 | 21  0.00232  1.67163e-03
 22  0.00240 -8.86268e-04 | 23  0.00247 -3.69914e-03 | 24  0.00250 -6.28951e-03
 25  0.00248 -7.99129e-03 | 26  0.00241 -8.16367e-03 | 27  0.00227 -6.54551e-03
 28  0.00207 -3.60362e-03 | 29  0.00182 -4.92797e-04 | 30  0.00156  1.37296e-03
 31  0.00132  2.61153e-03 | 32  0.00113  3.02297e-03 | 33  0.00103  2.94283e-03
 34  0.00094  2.79163e-03 | 35  0.00086  2.60783e-03 | 36  0.00078  2.43745e-03
 37  0.00067  2.30352e-03 | 38  0.00054  2.13723e-03 | 39  0.00038  1.92480e-03
 40  0.00017  1.66776e-03 | 41 -0.00006  1.35943e-03 | 42 -0.00032  1.08777e-03
 43 -0.00060  8.87902e-04 | 44 -0.00089  7.95529e-04 | 45 -0.00118  8.01369e-04
 46 -0.00147  8.92702e-04 | 47 -0.00178  1.04935e-03 | 48 -0.00211  1.23570e-03
 49 -0.00245  1.41394e-03 | 50 -0.00281  1.53283e-03 | 51 -0.00320  1.54567e-03
 52 -0.00364  1.40687e-03 | 53 -0.00416  1.10030e-03 | 54 -0.00477  6.66581e-04
 55 -0.00548  2.17988e-04 | 56 -0.00630 -6.08318e-05 | 57 -0.00721  1.89417e-05
 58 -0.00820  5.02565e-04 | 59 -0.00924  1.25721e-03 | 60 -0.01030  2.00083e-03
 61 -0.01135  2.42471e-03 | 62 -0.01238  2.37239e-03 | 63 -0.01338  1.80248e-03
 64 -0.01425  9.03966e-04 | 65 -0.01489 -3.19023e-06 | 66 -0.01514 -6.91447e-04
 67 -0.01480 -1.09957e-03 | 68 -0.01369 -1.33783e-03 | 69 -0.01163 -1.58279e-03
 70 -0.00863 -1.88392e-03 | 71 -0.00505 -2.08432e-03 | 72 -0.00196 -2.33076e-03
 73 -0.00095 -2.43869e-03 | 74 -0.00296 -2.31331e-03 | 75 -0.00673 -1.69768e-03
 76 -0.00925 -7.00724e-04 | 77 -0.00808 -5.06642e-04 | 78 -0.00399  1.90453e-04
 79  0.00072  4.07855e-04 | 80  0.00530 -1.38772e-03 | 81  0.00385 -4.95258e-03
 82 -0.00366 -9.98731e-03 | 83 -0.01719 -7.24698e-03 | 84  0.14337 -3.42115e-03
 85  0.12006 -4.79519e-03 | 86 -0.12410  3.31331e-05 | 87 -0.15249 -1.04029e-03
 88 -0.11661 -3.10377e-03 | 89 -0.02941 -1.72585e-03 | 90 -0.16061 -9.97001e-03
 91  0.05401 -1.67205e-03 | 92  0.10876 -4.89567e-03 | 93 -0.03200 -6.64813e-05
 94  0.03778 -2.00082e-03 | 95  0.10670 -2.88649e-03 | 96  0.03421 -2.16290e-03
 97 -0.01437 -2.86188e-03 | 98  0.07625 -3.33905e-05 | 99  0.03994 -3.48672e-03
100 -0.05247  3.18878e-03 |101  0.06401  1.27238e-03 |102 -0.00425 -6.16794e-03
103 -0.03635  1.42947e-02 |104  0.02740 -5.64334e-03 |105  0.10828  3.53727e-03
106 -0.01349 -6.71588e-04 |107  0.01763  4.12698e-04 |108  0.00964  7.15287e-03
109 -0.04519 -1.32783e-02 |110 -0.08532 -1.19718e-02 |111 -0.03151  3.38670e-02
112  0.03566 -1.98030e-02 |113  0.06716  1.42299e-02 |114  0.04183 -7.57050e-03
115 -0.03418  6.21354e-03 |116 -0.05030  6.22399e-03 |117 -0.04348 -1.06001e-02
118  0.09171  4.97163e-03 |119 -0.11284 -6.85117e-03 |120  0.05504  2.05492e-03
121 -0.12169 -1.15515e-02 |122  0.17551  1.64039e-03 |123 -0.07799  1.51078e-02
124  0.10894 -4.71672e-03 |125 -0.25057  2.46434e-02 |126 -0.24496 -9.22175e-03
127  0.22573 -6.42221e-03 |128  0.07760  2.27404e-02 |129 -0.03259  1.44840e-03
130  0.03734  1.02276e-03 |131 -0.02204  6.67886e-03 |132 -0.03234 -5.74894e-03
133  0.00000  0.00000e+00 |134  0.00000  0.00000e+00 |135  0.00000  0.00000e+00
136  0.00000  0.00000e+00 |137  0.00000  0.00000e+00 |138  0.00000  0.00000e+00
139  0.00000  0.00000e+00 |140  0.00000  0.00000e+00 |141  0.00000  0.00000e+00
142  0.00000  0.00000e+00 |143  0.00000  0.00000e+00 |144  0.00000  0.00000e+00
145 -0.64784 -4.82801e-04 |146 -0.14620 -3.04101e-03 |147 -0.42758 -8.45973e-04
148 -0.07481  1.49496e-03 |149 -0.44251 -7.98252e-03 |150 -0.28794  1.18486e-02
151 -0.49330  2.88802e-04 |152 -0.91606 -1.90762e-04 |153  0.29311  1.73638e-03
154  0.00027  1.27081e-06 |155  0.04691 -1.26935e-03 |156 -0.52533 -1.55009e-05
157 -0.55116 -1.50873e-05 |158  0.07757  1.38402e-02 |159 -0.76146 -6.82692e-06
160 -0.08659  7.94345e-03 |161  0.02571 -7.91908e-03 |162 -0.02746 -1.27266e-02
163  0.22352 -1.85926e-03 |164  0.00054  1.64319e-06 |165 -0.02440  2.52427e-03
166  0.21293 -1.08574e-02 |167  0.00023 -9.50483e-07 |168 -0.03544 -2.56256e-03
169 -0.47671  1.97909e-02 |170 -0.00021 -9.54738e-07 |171 -0.46494 -6.18243e-04
172 -0.06012 -2.99847e-02 |173 -0.68289  3.01609e-02 |174  0.52246 -5.22153e-03
175 -0.52465 -9.21374e-03 |176  0.01708  2.35906e-02 |177 -0.12340  1.12475e-03
178  0.02324  3.37874e-03 |179 -0.00800  4.78628e-04 |180 -0.01019  2.76855e-05
181 -0.17688  3.62696e-03 |182 -0.00535 -8.64572e-03 |183  0.12075 -1.87235e-03
184 -0.04805 -1.40081e-03 |185  0.09922  3.27642e-03 |186  0.06669  1.53001e-03
187 -0.42412  4.54636e-04 |188 -0.74789 -8.39447e-05 |189  0.10751 -1.34077e-04
190  0.00828 -3.49286e-03 |191  0.00133 -7.43729e-04 |192  0.11074 -9.48316e-04
193  0.09336 -4.02626e-03 |194  0.08388  4.21154e-03 |195 -0.05322  1.24333e-03
196 -0.07468  1.86086e-03 |197 -0.09140  8.03744e-04 |198  0.02495  4.31303e-03
199 -0.12207 -2.37095e-03 |200 -0.82705  1.57160e-04 |201 -0.13334  2.53289e-03
202 -0.02482 -1.94159e-03 |203  0.10055 -2.95288e-03 |204  0.10493 -1.78036e-03
205  0.11871 -2.10643e-04 |206  0.98650 -5.12105e-03 |207 -0.21737 -5.28023e-03
207 variables; iteration 140; function evaluation 168; phase 6
Function value 5.2966099e+04; maximum gradient component mag -8.8309e-03
Var    Value     Gradient |Var    Value     Gradient |Var    Value     Gradient
  1  0.01079  1.24491e-03 |  2 -0.17503  1.83553e-03 |  3  0.14183 -7.78728e-04
  4 -0.10356  1.61980e-03 |  5 -0.34575 -2.54371e-04 |  6 -0.62172 -1.13653e-03
  7  0.05972  6.55746e-05 |  8 -0.16411  1.48527e-03 |  9 -0.17535  8.54215e-04
 10  0.11349  9.62034e-04 | 11 -0.42132 -4.13891e-04 | 12 -0.56290  6.75452e-05
 13  0.04744 -8.83091e-03 | 14  0.00202  3.93264e-04 | 15  0.00199  4.02033e-04
 16  0.00197  3.87051e-04 | 17  0.00198  3.39463e-04 | 18  0.00202  2.57276e-04
 19  0.00210  1.42273e-04 | 20  0.00220 -4.53876e-06 | 21  0.00231 -1.63556e-04
 22  0.00241 -2.51478e-04 | 23  0.00249 -1.43688e-04 | 24  0.00253  1.27763e-04
 25  0.00253  2.40191e-04 | 26  0.00246 -1.40731e-05 | 27  0.00231 -2.97524e-04
 28  0.00209 -2.93843e-04 | 29  0.00182 -1.50777e-04 | 30  0.00155 -2.33854e-05
 31  0.00130  1.70798e-04 | 32  0.00112  2.09590e-04 | 33  0.00101  1.30713e-04
 34  0.00092  2.27246e-05 | 35  0.00085 -8.40882e-05 | 36  0.00077 -1.83463e-04
 37  0.00066 -2.77887e-04 | 38  0.00053 -3.52846e-04 | 39  0.00036 -3.87628e-04
 40  0.00016 -3.37137e-04 | 41 -0.00007 -1.35753e-04 | 42 -0.00033  2.10886e-04
 43 -0.00060  6.30239e-04 | 44 -0.00089  9.67281e-04 | 45 -0.00117  1.09766e-03
 46 -0.00147  9.59163e-04 | 47 -0.00178  5.93363e-04 | 48 -0.00211  1.41421e-04
 49 -0.00246 -1.69856e-04 | 50 -0.00282 -1.75133e-04 | 51 -0.00321  1.23261e-04
 52 -0.00365  4.69259e-04 | 53 -0.00417  4.00485e-04 | 54 -0.00478 -3.85346e-04
 55 -0.00549 -1.35932e-03 | 56 -0.00630 -1.25377e-03 | 57 -0.00721 -7.03160e-05
 58 -0.00820  1.47701e-04 | 59 -0.00925 -4.05089e-04 | 60 -0.01031  1.39060e-03
 61 -0.01134  4.42824e-03 | 62 -0.01237  3.76001e-03 | 63 -0.01339 -4.71600e-04
 64 -0.01427 -2.47173e-03 | 65 -0.01490 -1.12405e-03 | 66 -0.01513  3.30360e-04
 67 -0.01479  3.54128e-04 | 68 -0.01368 -7.14482e-04 | 69 -0.01163 -9.21181e-04
 70 -0.00862 -6.51635e-05 | 71 -0.00504 -1.67640e-05 | 72 -0.00195  3.44553e-05
 73 -0.00093  6.82502e-05 | 74 -0.00295  9.66279e-05 | 75 -0.00672  1.01457e-04
 76 -0.00925 -2.91709e-04 | 77 -0.00808 -9.54280e-04 | 78 -0.00399 -2.68532e-04
 79  0.00072  6.69928e-04 | 80  0.00531  5.99910e-04 | 81  0.00385 -6.85170e-04
 82 -0.00364 -1.05965e-03 | 83 -0.01716  2.15695e-03 | 84  0.14336 -1.14501e-03
 85  0.12008 -2.13668e-04 | 86 -0.12410 -2.20342e-04 | 87 -0.15248 -1.25637e-04
 88 -0.11660  1.36114e-05 | 89 -0.02941  2.95930e-05 | 90 -0.16058  2.88886e-04
 91  0.05402  2.63302e-04 | 92  0.10876 -3.89164e-04 | 93 -0.03200 -1.77895e-04
 94  0.03779 -6.14821e-05 | 95  0.10671 -1.40252e-04 | 96  0.03421 -5.82240e-05
 97 -0.01436  2.32356e-05 | 98  0.07625 -2.32111e-04 | 99  0.03994 -1.38461e-04
100 -0.05247  8.38975e-05 |101  0.06401  9.77514e-05 |102 -0.00424  2.36038e-04
103 -0.03637 -6.36300e-05 |104  0.02741  2.23911e-04 |105  0.10827  7.41666e-05
106 -0.01349 -2.84108e-05 |107  0.01762  4.93968e-05 |108  0.00963 -1.87819e-04
109 -0.04518  2.65553e-04 |110 -0.08529  2.02890e-04 |111 -0.03159 -6.44762e-04
112  0.03570  5.14114e-04 |113  0.06713 -2.02003e-04 |114  0.04184  4.05906e-04
115 -0.03419  4.77154e-05 |116 -0.05031 -5.99474e-05 |117 -0.04346  4.06920e-04
118  0.09170  5.19004e-04 |119 -0.11283  1.62684e-04 |120  0.05504  3.85338e-04
121 -0.12166  4.39639e-04 |122  0.17550  1.23781e-03 |123 -0.07801 -7.26644e-05
124  0.10895 -3.90798e-04 |125 -0.25063 -5.27081e-04 |126 -0.24493 -3.39379e-05
127  0.22573 -3.64620e-04 |128  0.07755 -2.89324e-04 |129 -0.03259 -8.28281e-06
130  0.03733  5.04586e-05 |131 -0.02208 -3.94718e-04 |132 -0.03231  1.68026e-04
133  0.00000  0.00000e+00 |134  0.00000  0.00000e+00 |135  0.00000  0.00000e+00
136  0.00000  0.00000e+00 |137  0.00000  0.00000e+00 |138  0.00000  0.00000e+00
139  0.00000  0.00000e+00 |140  0.00000  0.00000e+00 |141  0.00000  0.00000e+00
142  0.00000  0.00000e+00 |143  0.00000  0.00000e+00 |144  0.00000  0.00000e+00
145 -0.64784  1.37943e-04 |146 -0.14620  6.02927e-05 |147 -0.42758  9.72542e-05
148 -0.07481 -1.01136e-05 |149 -0.44251  5.80405e-04 |150 -0.28808 -2.27694e-04
151 -0.49328 -2.63828e-06 |152 -0.91569  3.63489e-05 |153  0.29310  1.70624e-04
154  0.00025  1.17141e-06 |155  0.04690  8.57036e-05 |156 -0.52525  5.67392e-06
157 -0.55108  5.87537e-06 |158  0.07754 -4.97904e-04 |159 -0.76140  9.13030e-07
160 -0.08662  1.85608e-04 |161  0.02571 -5.70663e-05 |162 -0.02738 -7.88929e-05
163  0.22352 -2.30306e-04 |164  0.00051  1.51475e-06 |165 -0.02440  3.90319e-04
166  0.21294 -6.38928e-05 |167  0.00025 -8.76723e-07 |168 -0.03544  5.99551e-04
169 -0.47691  6.54654e-03 |170 -0.00020 -8.80075e-07 |171 -0.46867 -1.30532e-04
172 -0.06011 -8.57731e-03 |173 -0.68298 -7.66274e-04 |174  0.52249  1.15805e-04
175 -0.52465 -4.56514e-04 |176  0.01702 -4.80042e-04 |177 -0.12340  2.66813e-04
178  0.02323  1.79875e-05 |179 -0.00801  1.52418e-04 |180 -0.01019  4.88429e-04
181 -0.17688  1.19751e-03 |182 -0.00535 -2.82806e-03 |183  0.12076 -1.43816e-04
184 -0.04805  2.08389e-04 |185  0.09920 -4.75608e-04 |186  0.06667 -1.08324e-03
187 -0.42413 -4.68732e-05 |188 -0.74719  2.03389e-05 |189  0.10751 -1.56386e-04
190  0.00828 -5.35590e-04 |191  0.00133 -9.46045e-05 |192  0.11074 -3.28634e-04
193  0.09336 -1.19929e-03 |194  0.08386 -1.81022e-04 |195 -0.05321  4.10700e-04
196 -0.07468  6.28659e-04 |197 -0.09141 -4.57912e-05 |198  0.02496 -1.19939e-04
199 -0.12205  4.74604e-04 |200 -0.82736 -1.56091e-05 |201 -0.13337 -3.78446e-05
202 -0.02482 -5.45261e-04 |203  0.10061  2.92799e-05 |204  0.10493 -3.70517e-04
205  0.11871  4.83213e-06 |206  0.98675  9.18756e-05 |207 -0.21736 -8.62953e-04
  ic > imax  in fminim is answer attained ?
Var    Value     Gradient |Var    Value     Gradient |Var    Value     Gradient
  1  0.01079  8.66903e-04 |  2 -0.17503  1.71093e-03 |  3  0.14183 -3.04803e-04
  4 -0.10356 -2.06699e-04 |  5 -0.34575  7.52605e-04 |  6 -0.62172 -2.03939e-04
  7  0.05972  5.27096e-04 |  8 -0.16411  8.52754e-04 |  9 -0.17535 -1.63929e-04
 10  0.11349 -1.56385e-04 | 11 -0.42131  2.34628e-04 | 12 -0.56290  1.45212e-05
 13  0.04744 -2.97488e-03 | 14  0.00202 -5.55086e-05 | 15  0.00199  8.57616e-06
 16  0.00197  4.14118e-05 | 17  0.00198  1.68279e-05 | 18  0.00202 -4.84690e-05
 19  0.00210 -8.70432e-05 | 20  0.00220 -2.26664e-05 | 21  0.00231  1.33483e-04
 22  0.00241  2.37662e-04 | 23  0.00249  1.46485e-04 | 24  0.00253 -7.84024e-05
 25  0.00253 -1.71331e-04 | 26  0.00246  3.65653e-05 | 27  0.00231  2.48662e-04
 28  0.00209 -1.13906e-05 | 29  0.00182 -3.28167e-04 | 30  0.00155 -2.21996e-04
 31  0.00130  2.17297e-04 | 32  0.00112  4.10887e-04 | 33  0.00101  3.67046e-04
 34  0.00092  2.56435e-04 | 35  0.00085  1.22066e-04 | 36  0.00077 -1.47432e-05
 37  0.00066 -1.44040e-04 | 38  0.00053 -2.51012e-04 | 39  0.00036 -3.13082e-04
 40  0.00016 -2.94462e-04 | 41 -0.00007 -1.63616e-04 | 42 -0.00033  5.59232e-05
 43 -0.00060  2.91140e-04 | 44 -0.00089  4.39812e-04 | 45 -0.00118  4.46936e-04
 46 -0.00148  3.04525e-04 | 47 -0.00178  6.86267e-05 | 48 -0.00211 -1.65929e-04
 49 -0.00246 -2.75790e-04 | 50 -0.00282 -2.05699e-04 | 51 -0.00321 -1.19476e-05
 52 -0.00365  1.20049e-04 | 53 -0.00417 -4.64044e-05 | 54 -0.00478 -5.04870e-04
 55 -0.00548 -6.85817e-04 | 56 -0.00630  2.92835e-05 | 57 -0.00721  8.29376e-04
 58 -0.00820  3.46717e-04 | 59 -0.00925 -4.52667e-04 | 60 -0.01031 -2.70710e-04
 61 -0.01136  2.15028e-04 | 62 -0.01239  3.48135e-04 | 63 -0.01339 -2.91595e-04
 64 -0.01426 -6.02151e-04 | 65 -0.01489  9.81148e-05 | 66 -0.01513  3.86111e-04
 67 -0.01479  4.09837e-04 | 68 -0.01368 -6.69579e-05 | 69 -0.01162 -1.18796e-04
 70 -0.00862  5.43434e-05 | 71 -0.00504 -4.09583e-05 | 72 -0.00195 -5.43313e-05
 73 -0.00093 -3.80469e-05 | 74 -0.00295 -3.58296e-05 | 75 -0.00672  4.91597e-05
 76 -0.00925 -2.39611e-05 | 77 -0.00808  1.02179e-04 | 78 -0.00399 -1.44884e-04
 79  0.00072  1.86739e-05 | 80  0.00531 -5.91547e-05 | 81  0.00386  1.89950e-05
 82 -0.00364 -4.37489e-05 | 83 -0.01717 -8.46164e-05 | 84  0.14337 -1.11317e-04
 85  0.12008 -9.80270e-05 | 86 -0.12410  1.26624e-05 | 87 -0.15248 -4.54538e-05
 88 -0.11660 -4.42544e-05 | 89 -0.02941 -6.32655e-05 | 90 -0.16058  7.52219e-06
 91  0.05402 -1.34442e-04 | 92  0.10876 -8.08297e-05 | 93 -0.03200  2.87048e-05
 94  0.03779  4.34925e-05 | 95  0.10671 -1.06345e-04 | 96  0.03421 -6.31252e-05
 97 -0.01436  4.05157e-06 | 98  0.07625 -6.62453e-06 | 99  0.03994 -8.48753e-05
100 -0.05247  4.19780e-05 |101  0.06401 -5.30396e-05 |102 -0.00424  3.74220e-05
103 -0.03637  8.25081e-05 |104  0.02741 -8.13449e-05 |105  0.10827 -1.20195e-04
106 -0.01349 -2.23439e-05 |107  0.01763 -1.53687e-05 |108  0.00963 -8.04903e-05
109 -0.04518 -4.55995e-05 |110 -0.08529 -4.97243e-06 |111 -0.03159  1.18787e-05
112  0.03570 -9.96938e-05 |113  0.06713 -1.40577e-04 |114  0.04184 -6.43586e-05
115 -0.03419  1.84703e-05 |116 -0.05030  1.17063e-04 |117 -0.04346  6.44362e-05
118  0.09170 -3.84626e-05 |119 -0.11283  8.15545e-05 |120  0.05504 -8.78746e-05
121 -0.12166  6.29796e-05 |122  0.17550 -3.27598e-04 |123 -0.07801  2.35661e-05
124  0.10895 -2.45991e-04 |125 -0.25063  2.41057e-05 |126 -0.24493  4.76826e-04
127  0.22573  1.34955e-03 |128  0.07755 -2.64159e-04 |129 -0.03259  1.63419e-04
130  0.03733  6.61856e-05 |131 -0.02208  1.04125e-04 |132 -0.03231 -3.90841e-05
133  0.00000  0.00000e+00 |134  0.00000  0.00000e+00 |135  0.00000  0.00000e+00
136  0.00000  0.00000e+00 |137  0.00000  0.00000e+00 |138  0.00000  0.00000e+00
139  0.00000  0.00000e+00 |140  0.00000  0.00000e+00 |141  0.00000  0.00000e+00
142  0.00000  0.00000e+00 |143  0.00000  0.00000e+00 |144  0.00000  0.00000e+00
145 -0.64784  7.37985e-05 |146 -0.14620 -7.50902e-05 |147 -0.42757  6.28183e-04
148 -0.07481  1.85354e-06 |149 -0.44251 -9.54445e-05 |150 -0.28807  2.03051e-05
151 -0.49328  9.00189e-07 |152 -0.91571  2.34737e-05 |153  0.29310 -4.41629e-05
154  0.00023  1.07188e-06 |155  0.04690  1.12903e-05 |156 -0.52524  7.73940e-06
157 -0.55108  7.84455e-06 |158  0.07754 -7.69680e-05 |159 -0.76136  4.74416e-06
160 -0.08662  7.08609e-05 |161  0.02571 -4.41055e-05 |162 -0.02738 -7.06287e-05
163  0.22352 -7.82642e-05 |164  0.00048  1.38630e-06 |165 -0.02440  3.04080e-05
166  0.21294 -9.24033e-05 |167  0.00026 -8.02546e-07 |168 -0.03544  1.21108e-04
169 -0.47708 -5.07273e-03 |170 -0.00018 -8.05479e-07 |171 -0.47192  2.81048e-04
172 -0.06011  2.49902e-03 |173 -0.68297  3.06334e-05 |174  0.52249 -1.44479e-04
175 -0.52464  1.37470e-04 |176  0.01703  1.28237e-04 |177 -0.12340  9.52082e-05
178  0.02323  3.23909e-05 |179 -0.00801  3.23367e-05 |180 -0.01019  1.22079e-04
181 -0.17688  3.18734e-04 |182 -0.00535 -5.35938e-04 |183  0.12076 -1.17866e-04
184 -0.04805  1.64115e-04 |185  0.09920 -3.90444e-04 |186  0.06668  2.24872e-04
187 -0.42415 -6.56465e-05 |188 -0.74694  6.36386e-05 |189  0.10751 -1.88919e-05
190  0.00828 -3.30977e-04 |191  0.00133 -3.61854e-05 |192  0.11074 -3.55965e-06
193  0.09336 -3.41692e-04 |194  0.08386 -5.43841e-05 |195 -0.05321  7.12138e-05
196 -0.07468  1.64032e-04 |197 -0.09141  2.24325e-05 |198  0.02496 -8.50855e-06
199 -0.12205  2.81030e-04 |200 -0.82746 -2.99847e-05 |201 -0.13337  3.81488e-06
202 -0.02482 -1.80783e-04 |203  0.10061 -7.32948e-06 |204  0.10493 -1.49605e-04
205  0.11871 -2.23600e-06 |206  0.98674 -3.30420e-06 |207 -0.21736 -2.01007e-04
Function minimizer not making progress ... is minimum attained?
Minimprove criterion = 0.0000e+00
Warning: the following parameters had issues
  Q_parm[14] is within 1% of lower bound: 1.0000e-04 < 8.8527e-03 < 2.0000e+00
  selparm[91] is within 0.1% of upper bound: 1.5000e+01 < 5.8995e+01 < 5.9000e+01


 - final statistics:
207 variables; iteration 147; function evaluation 209
Function value 5.2966e+04; maximum gradient component mag -5.0727e-03
Exit code = 1;  converg criter 1.0000e-04
Var    Value     Gradient |Var    Value     Gradient |Var    Value     Gradient
  1  0.01079  8.66903e-04 |  2 -0.17503  1.71093e-03 |  3  0.14183 -3.04803e-04
  4 -0.10356 -2.06699e-04 |  5 -0.34575  7.52605e-04 |  6 -0.62172 -2.03939e-04
  7  0.05972  5.27096e-04 |  8 -0.16411  8.52754e-04 |  9 -0.17535 -1.63929e-04
 10  0.11349 -1.56385e-04 | 11 -0.42131  2.34628e-04 | 12 -0.56290  1.45212e-05
 13  0.04744 -2.97488e-03 | 14  0.00202 -5.55086e-05 | 15  0.00199  8.57616e-06
 16  0.00197  4.14118e-05 | 17  0.00198  1.68279e-05 | 18  0.00202 -4.84690e-05
 19  0.00210 -8.70432e-05 | 20  0.00220 -2.26664e-05 | 21  0.00231  1.33483e-04
 22  0.00241  2.37662e-04 | 23  0.00249  1.46485e-04 | 24  0.00253 -7.84024e-05
 25  0.00253 -1.71331e-04 | 26  0.00246  3.65653e-05 | 27  0.00231  2.48662e-04
 28  0.00209 -1.13906e-05 | 29  0.00182 -3.28167e-04 | 30  0.00155 -2.21996e-04
 31  0.00130  2.17297e-04 | 32  0.00112  4.10887e-04 | 33  0.00101  3.67046e-04
 34  0.00092  2.56435e-04 | 35  0.00085  1.22066e-04 | 36  0.00077 -1.47432e-05
 37  0.00066 -1.44040e-04 | 38  0.00053 -2.51012e-04 | 39  0.00036 -3.13082e-04
 40  0.00016 -2.94462e-04 | 41 -0.00007 -1.63616e-04 | 42 -0.00033  5.59232e-05
 43 -0.00060  2.91140e-04 | 44 -0.00089  4.39812e-04 | 45 -0.00118  4.46936e-04
 46 -0.00148  3.04525e-04 | 47 -0.00178  6.86267e-05 | 48 -0.00211 -1.65929e-04
 49 -0.00246 -2.75790e-04 | 50 -0.00282 -2.05699e-04 | 51 -0.00321 -1.19476e-05
 52 -0.00365  1.20049e-04 | 53 -0.00417 -4.64044e-05 | 54 -0.00478 -5.04870e-04
 55 -0.00548 -6.85817e-04 | 56 -0.00630  2.92835e-05 | 57 -0.00721  8.29376e-04
 58 -0.00820  3.46717e-04 | 59 -0.00925 -4.52667e-04 | 60 -0.01031 -2.70710e-04
 61 -0.01136  2.15028e-04 | 62 -0.01239  3.48135e-04 | 63 -0.01339 -2.91595e-04
 64 -0.01426 -6.02151e-04 | 65 -0.01489  9.81148e-05 | 66 -0.01513  3.86111e-04
 67 -0.01479  4.09837e-04 | 68 -0.01368 -6.69579e-05 | 69 -0.01162 -1.18796e-04
 70 -0.00862  5.43434e-05 | 71 -0.00504 -4.09583e-05 | 72 -0.00195 -5.43313e-05
 73 -0.00093 -3.80469e-05 | 74 -0.00295 -3.58296e-05 | 75 -0.00672  4.91597e-05
 76 -0.00925 -2.39611e-05 | 77 -0.00808  1.02179e-04 | 78 -0.00399 -1.44884e-04
 79  0.00072  1.86739e-05 | 80  0.00531 -5.91547e-05 | 81  0.00386  1.89950e-05
 82 -0.00364 -4.37489e-05 | 83 -0.01717 -8.46164e-05 | 84  0.14337 -1.11317e-04
 85  0.12008 -9.80270e-05 | 86 -0.12410  1.26624e-05 | 87 -0.15248 -4.54538e-05
 88 -0.11660 -4.42544e-05 | 89 -0.02941 -6.32655e-05 | 90 -0.16058  7.52219e-06
 91  0.05402 -1.34442e-04 | 92  0.10876 -8.08297e-05 | 93 -0.03200  2.87048e-05
 94  0.03779  4.34925e-05 | 95  0.10671 -1.06345e-04 | 96  0.03421 -6.31252e-05
 97 -0.01436  4.05157e-06 | 98  0.07625 -6.62453e-06 | 99  0.03994 -8.48753e-05
100 -0.05247  4.19780e-05 |101  0.06401 -5.30396e-05 |102 -0.00424  3.74220e-05
103 -0.03637  8.25081e-05 |104  0.02741 -8.13449e-05 |105  0.10827 -1.20195e-04
106 -0.01349 -2.23439e-05 |107  0.01763 -1.53687e-05 |108  0.00963 -8.04903e-05
109 -0.04518 -4.55995e-05 |110 -0.08529 -4.97243e-06 |111 -0.03159  1.18787e-05
112  0.03570 -9.96938e-05 |113  0.06713 -1.40577e-04 |114  0.04184 -6.43586e-05
115 -0.03419  1.84703e-05 |116 -0.05030  1.17063e-04 |117 -0.04346  6.44362e-05
118  0.09170 -3.84626e-05 |119 -0.11283  8.15545e-05 |120  0.05504 -8.78746e-05
121 -0.12166  6.29796e-05 |122  0.17550 -3.27598e-04 |123 -0.07801  2.35661e-05
124  0.10895 -2.45991e-04 |125 -0.25063  2.41057e-05 |126 -0.24493  4.76826e-04
127  0.22573  1.34955e-03 |128  0.07755 -2.64159e-04 |129 -0.03259  1.63419e-04
130  0.03733  6.61856e-05 |131 -0.02208  1.04125e-04 |132 -0.03231 -3.90841e-05
133  0.00000  0.00000e+00 |134  0.00000  0.00000e+00 |135  0.00000  0.00000e+00
136  0.00000  0.00000e+00 |137  0.00000  0.00000e+00 |138  0.00000  0.00000e+00
139  0.00000  0.00000e+00 |140  0.00000  0.00000e+00 |141  0.00000  0.00000e+00
142  0.00000  0.00000e+00 |143  0.00000  0.00000e+00 |144  0.00000  0.00000e+00
145 -0.64784  7.37985e-05 |146 -0.14620 -7.50902e-05 |147 -0.42757  6.28183e-04
148 -0.07481  1.85354e-06 |149 -0.44251 -9.54445e-05 |150 -0.28807  2.03051e-05
151 -0.49328  9.00189e-07 |152 -0.91571  2.34737e-05 |153  0.29310 -4.41629e-05
154  0.00023  1.07188e-06 |155  0.04690  1.12903e-05 |156 -0.52524  7.73940e-06
157 -0.55108  7.84455e-06 |158  0.07754 -7.69680e-05 |159 -0.76136  4.74416e-06
160 -0.08662  7.08609e-05 |161  0.02571 -4.41055e-05 |162 -0.02738 -7.06287e-05
163  0.22352 -7.82642e-05 |164  0.00048  1.38630e-06 |165 -0.02440  3.04080e-05
166  0.21294 -9.24033e-05 |167  0.00026 -8.02546e-07 |168 -0.03544  1.21108e-04
169 -0.47708 -5.07273e-03 |170 -0.00018 -8.05479e-07 |171 -0.47192  2.81048e-04
172 -0.06011  2.49902e-03 |173 -0.68297  3.06334e-05 |174  0.52249 -1.44479e-04
175 -0.52464  1.37470e-04 |176  0.01703  1.28237e-04 |177 -0.12340  9.52082e-05
178  0.02323  3.23909e-05 |179 -0.00801  3.23367e-05 |180 -0.01019  1.22079e-04
181 -0.17688  3.18734e-04 |182 -0.00535 -5.35938e-04 |183  0.12076 -1.17866e-04
184 -0.04805  1.64115e-04 |185  0.09920 -3.90444e-04 |186  0.06668  2.24872e-04
187 -0.42415 -6.56465e-05 |188 -0.74694  6.36386e-05 |189  0.10751 -1.88919e-05
190  0.00828 -3.30977e-04 |191  0.00133 -3.61854e-05 |192  0.11074 -3.55965e-06
193  0.09336 -3.41692e-04 |194  0.08386 -5.43841e-05 |195 -0.05321  7.12138e-05
196 -0.07468  1.64032e-04 |197 -0.09141  2.24325e-05 |198  0.02496 -8.50855e-06
199 -0.12205  2.81030e-04 |200 -0.82746 -2.99847e-05 |201 -0.13337  3.81488e-06
202 -0.02482 -1.80783e-04 |203  0.10061 -7.32948e-06 |204  0.10493 -1.49605e-04
205  0.11871 -2.23600e-06 |206  0.98674 -3.30420e-06 |207 -0.21736 -2.01007e-04
Estimating row 1 out of 207 for hessian
Estimating row 2 out of 207 for hessian
Estimating row 3 out of 207 for hessian
Estimating row 4 out of 207 for hessian
Estimating row 5 out of 207 for hessian
Estimating row 6 out of 207 for hessian
Estimating row 7 out of 207 for hessian
Estimating row 8 out of 207 for hessian
Estimating row 9 out of 207 for hessian
Estimating row 10 out of 207 for hessian
Estimating row 11 out of 207 for hessian
Estimating row 12 out of 207 for hessian
Estimating row 13 out of 207 for hessian
Estimating row 14 out of 207 for hessian
Estimating row 15 out of 207 for hessian
Estimating row 16 out of 207 for hessian
Estimating row 17 out of 207 for hessian
Estimating row 18 out of 207 for hessian
Estimating row 19 out of 207 for hessian
Estimating row 20 out of 207 for hessian
Estimating row 21 out of 207 for hessian
Estimating row 22 out of 207 for hessian
Estimating row 23 out of 207 for hessian
Estimating row 24 out of 207 for hessian
Estimating row 25 out of 207 for hessian
Estimating row 26 out of 207 for hessian
Estimating row 27 out of 207 for hessian
Estimating row 28 out of 207 for hessian
Estimating row 29 out of 207 for hessian
Estimating row 30 out of 207 for hessian
Estimating row 31 out of 207 for hessian
Estimating row 32 out of 207 for hessian
Estimating row 33 out of 207 for hessian
Estimating row 34 out of 207 for hessian
Estimating row 35 out of 207 for hessian
Estimating row 36 out of 207 for hessian
Estimating row 37 out of 207 for hessian
Estimating row 38 out of 207 for hessian
Estimating row 39 out of 207 for hessian
Estimating row 40 out of 207 for hessian
Estimating row 41 out of 207 for hessian
Estimating row 42 out of 207 for hessian
Estimating row 43 out of 207 for hessian
Estimating row 44 out of 207 for hessian
Estimating row 45 out of 207 for hessian
Estimating row 46 out of 207 for hessian
Estimating row 47 out of 207 for hessian
Estimating row 48 out of 207 for hessian
Estimating row 49 out of 207 for hessian
Estimating row 50 out of 207 for hessian
Estimating row 51 out of 207 for hessian
Estimating row 52 out of 207 for hessian
Estimating row 53 out of 207 for hessian
Estimating row 54 out of 207 for hessian
Estimating row 55 out of 207 for hessian
Estimating row 56 out of 207 for hessian
Estimating row 57 out of 207 for hessian
Estimating row 58 out of 207 for hessian
Estimating row 59 out of 207 for hessian
Estimating row 60 out of 207 for hessian
Estimating row 61 out of 207 for hessian
Estimating row 62 out of 207 for hessian
Estimating row 63 out of 207 for hessian
Estimating row 64 out of 207 for hessian
Estimating row 65 out of 207 for hessian
Estimating row 66 out of 207 for hessian
Estimating row 67 out of 207 for hessian
Estimating row 68 out of 207 for hessian
Estimating row 69 out of 207 for hessian
Estimating row 70 out of 207 for hessian
Estimating row 71 out of 207 for hessian
Estimating row 72 out of 207 for hessian
Estimating row 73 out of 207 for hessian
Estimating row 74 out of 207 for hessian
Estimating row 75 out of 207 for hessian
Estimating row 76 out of 207 for hessian
Estimating row 77 out of 207 for hessian
Estimating row 78 out of 207 for hessian
Estimating row 79 out of 207 for hessian
Estimating row 80 out of 207 for hessian
Estimating row 81 out of 207 for hessian
Estimating row 82 out of 207 for hessian
Estimating row 83 out of 207 for hessian
Estimating row 84 out of 207 for hessian
Estimating row 85 out of 207 for hessian
Estimating row 86 out of 207 for hessian
Estimating row 87 out of 207 for hessian
Estimating row 88 out of 207 for hessian
Estimating row 89 out of 207 for hessian
Estimating row 90 out of 207 for hessian
Estimating row 91 out of 207 for hessian
Estimating row 92 out of 207 for hessian
Estimating row 93 out of 207 for hessian
Estimating row 94 out of 207 for hessian
Estimating row 95 out of 207 for hessian
Estimating row 96 out of 207 for hessian
Estimating row 97 out of 207 for hessian
Estimating row 98 out of 207 for hessian
Estimating row 99 out of 207 for hessian
Estimating row 100 out of 207 for hessian
Estimating row 101 out of 207 for hessian
Estimating row 102 out of 207 for hessian
Estimating row 103 out of 207 for hessian
Estimating row 104 out of 207 for hessian
Estimating row 105 out of 207 for hessian
Estimating row 106 out of 207 for hessian
Estimating row 107 out of 207 for hessian
Estimating row 108 out of 207 for hessian
Estimating row 109 out of 207 for hessian
Estimating row 110 out of 207 for hessian
Estimating row 111 out of 207 for hessian
Estimating row 112 out of 207 for hessian
Estimating row 113 out of 207 for hessian
Estimating row 114 out of 207 for hessian
Estimating row 115 out of 207 for hessian
Estimating row 116 out of 207 for hessian
Estimating row 117 out of 207 for hessian
Estimating row 118 out of 207 for hessian
Estimating row 119 out of 207 for hessian
Estimating row 120 out of 207 for hessian
Estimating row 121 out of 207 for hessian
Estimating row 122 out of 207 for hessian
Estimating row 123 out of 207 for hessian
Estimating row 124 out of 207 for hessian
Estimating row 125 out of 207 for hessian
Estimating row 126 out of 207 for hessian
Estimating row 127 out of 207 for hessian
Estimating row 128 out of 207 for hessian
Estimating row 129 out of 207 for hessian
Estimating row 130 out of 207 for hessian
Estimating row 131 out of 207 for hessian
Estimating row 132 out of 207 for hessian
Estimating row 133 out of 207 for hessian
Estimating row 134 out of 207 for hessian
Estimating row 135 out of 207 for hessian
Estimating row 136 out of 207 for hessian
Estimating row 137 out of 207 for hessian
Estimating row 138 out of 207 for hessian
Estimating row 139 out of 207 for hessian
Estimating row 140 out of 207 for hessian
Estimating row 141 out of 207 for hessian
Estimating row 142 out of 207 for hessian
Estimating row 143 out of 207 for hessian
Estimating row 144 out of 207 for hessian
Estimating row 145 out of 207 for hessian
Estimating row 146 out of 207 for hessian
Estimating row 147 out of 207 for hessian
Estimating row 148 out of 207 for hessian
Estimating row 149 out of 207 for hessian
Estimating row 150 out of 207 for hessian
Estimating row 151 out of 207 for hessian
Estimating row 152 out of 207 for hessian
Estimating row 153 out of 207 for hessian
Estimating row 154 out of 207 for hessian
Estimating row 155 out of 207 for hessian
Estimating row 156 out of 207 for hessian
Estimating row 157 out of 207 for hessian
Estimating row 158 out of 207 for hessian
Estimating row 159 out of 207 for hessian
Estimating row 160 out of 207 for hessian
Estimating row 161 out of 207 for hessian
Estimating row 162 out of 207 for hessian
Estimating row 163 out of 207 for hessian
Estimating row 164 out of 207 for hessian
Estimating row 165 out of 207 for hessian
Estimating row 166 out of 207 for hessian
Estimating row 167 out of 207 for hessian
Estimating row 168 out of 207 for hessian
Estimating row 169 out of 207 for hessian
Estimating row 170 out of 207 for hessian
Estimating row 171 out of 207 for hessian
Estimating row 172 out of 207 for hessian
Estimating row 173 out of 207 for hessian
Estimating row 174 out of 207 for hessian
Estimating row 175 out of 207 for hessian
Estimating row 176 out of 207 for hessian
Estimating row 177 out of 207 for hessian
Estimating row 178 out of 207 for hessian
Estimating row 179 out of 207 for hessian
Estimating row 180 out of 207 for hessian
Estimating row 181 out of 207 for hessian
Estimating row 182 out of 207 for hessian
Estimating row 183 out of 207 for hessian
Estimating row 184 out of 207 for hessian
Estimating row 185 out of 207 for hessian
Estimating row 186 out of 207 for hessian
Estimating row 187 out of 207 for hessian
Estimating row 188 out of 207 for hessian
Estimating row 189 out of 207 for hessian
Estimating row 190 out of 207 for hessian
Estimating row 191 out of 207 for hessian
Estimating row 192 out of 207 for hessian
Estimating row 193 out of 207 for hessian
Estimating row 194 out of 207 for hessian
Estimating row 195 out of 207 for hessian
Estimating row 196 out of 207 for hessian
Estimating row 197 out of 207 for hessian
Estimating row 198 out of 207 for hessian
Estimating row 199 out of 207 for hessian
Estimating row 200 out of 207 for hessian
Estimating row 201 out of 207 for hessian
Estimating row 202 out of 207 for hessian
Estimating row 203 out of 207 for hessian
Estimating row 204 out of 207 for hessian
Estimating row 205 out of 207 for hessian
Estimating row 206 out of 207 for hessian
Estimating row 207 out of 207 for hessian
size of file gradfil1.tmp = 743040000
size of file gradfil2.tmp = 0
size of file varssave.tmp = 0
size of file cmpdiff.tmp = 400000016
