"type","Quantity","values"
Mohn,SSB,-0.530063805471782
Mohn,Recruitment,5.31387286782419
Mohn,Fraction unfished,-0.694241864824377
Mohn,F,3.04886040571811
NEFSC,SSB,-0.116231947737534
NEFSC,Recruitment,0.657203386999082
NEFSC,Fraction unfished,-0.0692640227507509
NEFSC,F,0.443647727511667
AFSC,SSB,-0.106012761094356
AFSC,Recruitment,1.06277457356484
AFSC,F,0.609772081143621
AFSC,Fraction unfished,-0.138848372964875
